,blueWin,blueGold,blueExp,blueLvl,blueCS,blueJngCS,blueVisionScore,blueTowerScore,blueDrakeScore,blueHeraldScore,blueBaronScore,blueKillScore,blueDeathScore,blueAssistScore,redGold,redExp,redLvl,redCS,redJngCS,redVisionScore,redTowerScore,redDrakeScore,redHeraldScore,redBaronScore,redKillScore,redDeathScore,redAssistScore,blueExpDiff,blueLvlDiff,blueGoldDiff,blueDrakeDiff,blueBaronDiff,blueHeraldDiff
0,0.0,61929.0,68672.0,74.0,556.0,85.0,62.0,5.0,0.0,1.0,0.0,38.0,52.0,38.0,69589.0,85052.0,82.0,585.0,216.0,106.0,5.0,4.0,0.0,1.0,52.0,38.0,41.0,-16380.0,-8.0,-7660.0,-4.0,-1.0,1.0
1,0.0,59433.0,71598.0,76.0,493.0,118.0,63.0,10.0,1.0,0.0,1.0,38.0,25.0,47.0,55949.0,63723.0,70.0,560.0,120.0,64.0,6.0,3.0,1.0,0.0,25.0,38.0,17.0,7875.0,6.0,3484.0,-2.0,1.0,-1.0
2,0.0,59483.0,68771.0,76.0,558.0,151.0,67.0,6.0,2.0,0.0,1.0,36.0,35.0,50.0,63150.0,75333.0,79.0,505.0,192.0,61.0,6.0,3.0,2.0,1.0,35.0,36.0,59.0,-6562.0,-3.0,-3667.0,-1.0,0.0,-2.0
3,1.0,62597.0,73799.0,77.0,589.0,185.0,77.0,7.0,2.0,0.0,0.0,37.0,24.0,48.0,56139.0,64176.0,72.0,621.0,138.0,65.0,7.0,3.0,2.0,0.0,24.0,37.0,30.0,9623.0,5.0,6458.0,-1.0,0.0,-2.0
4,1.0,69785.0,83135.0,80.0,628.0,266.0,48.0,6.0,4.0,0.0,2.0,37.0,40.0,37.0,64071.0,71794.0,75.0,556.0,142.0,132.0,5.0,1.0,1.0,0.0,40.0,37.0,63.0,11341.0,5.0,5714.0,3.0,2.0,-1.0
5,1.0,59341.0,72133.0,77.0,519.0,142.0,73.0,8.0,2.0,1.0,1.0,34.0,33.0,59.0,58494.0,63073.0,71.0,554.0,176.0,196.0,3.0,2.0,1.0,0.0,33.0,34.0,28.0,9060.0,6.0,847.0,0.0,1.0,0.0
6,0.0,64849.0,81443.0,81.0,604.0,163.0,78.0,6.0,2.0,1.0,1.0,41.0,34.0,53.0,63706.0,74105.0,76.0,681.0,224.0,82.0,4.0,3.0,1.0,1.0,34.0,41.0,35.0,7338.0,5.0,1143.0,-1.0,0.0,0.0
7,0.0,62538.0,71019.0,76.0,464.0,129.0,38.0,6.0,1.0,1.0,0.0,47.0,52.0,45.0,61790.0,68349.0,73.0,445.0,93.0,678.0,4.0,2.0,0.0,0.0,52.0,47.0,60.0,2670.0,3.0,748.0,-1.0,0.0,1.0
8,0.0,52330.0,64197.0,71.0,592.0,158.0,50.0,4.0,1.0,0.0,0.0,24.0,21.0,17.0,51121.0,64387.0,72.0,562.0,167.0,47.0,3.0,3.0,1.0,0.0,21.0,24.0,24.0,-190.0,-1.0,1209.0,-2.0,0.0,-1.0
9,1.0,60366.0,68516.0,74.0,566.0,235.0,46.0,7.0,4.0,1.0,0.0,38.0,28.0,43.0,51179.0,60323.0,69.0,485.0,143.0,62.0,1.0,0.0,0.0,0.0,28.0,38.0,42.0,8193.0,5.0,9187.0,4.0,0.0,1.0
10,1.0,64161.0,72046.0,76.0,486.0,238.0,95.0,9.0,4.0,1.0,0.0,40.0,31.0,40.0,52381.0,63841.0,72.0,521.0,80.0,137.0,0.0,0.0,0.0,0.0,31.0,40.0,38.0,8205.0,4.0,11780.0,4.0,0.0,1.0
11,0.0,55504.0,64093.0,71.0,635.0,222.0,113.0,6.0,3.0,1.0,1.0,17.0,33.0,22.0,58310.0,67232.0,74.0,592.0,137.0,640.0,4.0,2.0,1.0,0.0,33.0,17.0,57.0,-3139.0,-3.0,-2806.0,1.0,1.0,0.0
12,0.0,58991.0,65736.0,72.0,392.0,94.0,41.0,7.0,3.0,0.0,0.0,42.0,41.0,67.0,60741.0,65543.0,72.0,364.0,186.0,70.0,3.0,2.0,2.0,0.0,41.0,42.0,54.0,193.0,0.0,-1750.0,1.0,0.0,-2.0
13,0.0,62329.0,70561.0,75.0,517.0,173.0,206.0,6.0,2.0,0.0,0.0,42.0,50.0,82.0,74467.0,84426.0,84.0,662.0,187.0,80.0,5.0,3.0,1.0,2.0,50.0,42.0,70.0,-13865.0,-9.0,-12138.0,-1.0,-2.0,-1.0
14,0.0,59734.0,70803.0,75.0,601.0,150.0,44.0,6.0,1.0,0.0,0.0,33.0,48.0,29.0,64496.0,76886.0,79.0,550.0,148.0,125.0,4.0,3.0,1.0,0.0,48.0,33.0,51.0,-6083.0,-4.0,-4762.0,-2.0,0.0,-1.0
15,0.0,65798.0,76064.0,78.0,521.0,194.0,39.0,10.0,3.0,2.0,0.0,46.0,32.0,54.0,60106.0,68335.0,75.0,554.0,131.0,51.0,3.0,2.0,0.0,0.0,32.0,46.0,35.0,7729.0,3.0,5692.0,1.0,0.0,2.0
16,0.0,57039.0,70947.0,76.0,560.0,125.0,175.0,3.0,2.0,0.0,0.0,31.0,39.0,48.0,69524.0,81183.0,82.0,690.0,234.0,76.0,6.0,3.0,2.0,2.0,39.0,31.0,44.0,-10236.0,-6.0,-12485.0,-1.0,-2.0,-2.0
17,0.0,59754.0,70737.0,76.0,550.0,126.0,47.0,4.0,1.0,0.0,0.0,35.0,40.0,47.0,61634.0,69643.0,75.0,522.0,199.0,433.0,3.0,3.0,2.0,0.0,40.0,35.0,43.0,1094.0,1.0,-1880.0,-2.0,0.0,-2.0
18,0.0,59558.0,64918.0,73.0,492.0,104.0,98.0,7.0,3.0,1.0,0.0,41.0,38.0,54.0,60033.0,66754.0,74.0,470.0,136.0,125.0,2.0,1.0,1.0,1.0,38.0,41.0,53.0,-1836.0,-1.0,-475.0,2.0,-1.0,0.0
19,1.0,63666.0,79271.0,80.0,693.0,182.0,157.0,5.0,4.0,1.0,0.0,33.0,41.0,50.0,66897.0,82568.0,81.0,676.0,229.0,163.0,6.0,1.0,0.0,1.0,41.0,33.0,41.0,-3297.0,-1.0,-3231.0,3.0,-1.0,1.0
20,1.0,66204.0,78751.0,80.0,626.0,136.0,72.0,6.0,3.0,0.0,1.0,37.0,37.0,63.0,57229.0,64645.0,72.0,518.0,158.0,151.0,5.0,2.0,2.0,0.0,37.0,37.0,50.0,14106.0,8.0,8975.0,1.0,1.0,-2.0
21,0.0,63320.0,75948.0,79.0,570.0,79.0,60.0,6.0,0.0,1.0,0.0,44.0,54.0,72.0,70685.0,79992.0,81.0,507.0,229.0,56.0,7.0,4.0,1.0,1.0,54.0,44.0,57.0,-4044.0,-2.0,-7365.0,-4.0,-1.0,0.0
22,1.0,70825.0,89067.0,86.0,477.0,153.0,71.0,10.0,3.0,1.0,2.0,55.0,45.0,81.0,67384.0,81176.0,82.0,629.0,165.0,87.0,3.0,1.0,1.0,0.0,45.0,55.0,30.0,7891.0,4.0,3441.0,2.0,2.0,0.0
23,0.0,56139.0,68223.0,75.0,518.0,111.0,80.0,5.0,0.0,1.0,0.0,31.0,69.0,41.0,70448.0,81211.0,82.0,470.0,185.0,66.0,4.0,4.0,0.0,0.0,69.0,31.0,90.0,-12988.0,-7.0,-14309.0,-4.0,0.0,1.0
24,0.0,61020.0,68671.0,75.0,543.0,134.0,157.0,7.0,2.0,0.0,0.0,36.0,43.0,45.0,65187.0,75872.0,78.0,522.0,189.0,100.0,6.0,2.0,1.0,0.0,43.0,36.0,52.0,-7201.0,-3.0,-4167.0,0.0,0.0,-1.0
25,1.0,69649.0,78216.0,81.0,604.0,195.0,79.0,10.0,1.0,1.0,2.0,42.0,32.0,50.0,56519.0,67968.0,74.0,571.0,116.0,600.0,1.0,3.0,1.0,0.0,32.0,42.0,43.0,10248.0,7.0,13130.0,-2.0,2.0,0.0
26,0.0,58685.0,68504.0,74.0,448.0,159.0,57.0,4.0,2.0,1.0,0.0,37.0,35.0,39.0,60131.0,68616.0,73.0,434.0,119.0,52.0,6.0,3.0,0.0,1.0,35.0,37.0,49.0,-112.0,1.0,-1446.0,-1.0,-1.0,1.0
27,1.0,64705.0,75987.0,78.0,603.0,167.0,119.0,6.0,3.0,0.0,1.0,37.0,30.0,69.0,63478.0,75340.0,78.0,588.0,206.0,77.0,5.0,1.0,1.0,0.0,30.0,37.0,44.0,647.0,0.0,1227.0,2.0,1.0,-1.0
28,0.0,52287.0,61648.0,71.0,530.0,151.0,64.0,5.0,2.0,0.0,0.0,25.0,36.0,30.0,60416.0,70313.0,75.0,576.0,222.0,83.0,3.0,3.0,1.0,0.0,36.0,25.0,31.0,-8665.0,-4.0,-8129.0,-1.0,0.0,-1.0
29,0.0,65540.0,81789.0,82.0,490.0,116.0,53.0,4.0,1.0,1.0,1.0,50.0,48.0,76.0,65541.0,74684.0,78.0,536.0,134.0,49.0,6.0,4.0,1.0,1.0,48.0,50.0,45.0,7105.0,4.0,-1.0,-3.0,0.0,0.0
30,1.0,62210.0,72441.0,78.0,495.0,141.0,64.0,5.0,3.0,1.0,1.0,41.0,32.0,79.0,59149.0,63298.0,71.0,580.0,165.0,54.0,5.0,2.0,1.0,0.0,32.0,41.0,28.0,9143.0,7.0,3061.0,1.0,1.0,0.0
31,0.0,57234.0,73049.0,77.0,545.0,144.0,87.0,3.0,0.0,1.0,0.0,35.0,45.0,26.0,67144.0,80443.0,81.0,615.0,189.0,67.0,4.0,4.0,1.0,0.0,45.0,35.0,31.0,-7394.0,-4.0,-9910.0,-4.0,0.0,0.0
32,0.0,55606.0,66536.0,73.0,664.0,153.0,152.0,6.0,0.0,1.0,0.0,24.0,33.0,28.0,64460.0,77749.0,79.0,673.0,235.0,178.0,3.0,4.0,1.0,1.0,33.0,24.0,48.0,-11213.0,-6.0,-8854.0,-4.0,-1.0,0.0
33,1.0,56347.0,68785.0,75.0,537.0,159.0,55.0,5.0,4.0,0.0,1.0,29.0,32.0,68.0,57763.0,63138.0,71.0,585.0,193.0,82.0,2.0,1.0,1.0,0.0,32.0,29.0,52.0,5647.0,4.0,-1416.0,3.0,1.0,-1.0
34,1.0,60131.0,70631.0,76.0,610.0,159.0,397.0,9.0,4.0,1.0,0.0,33.0,16.0,43.0,54786.0,73395.0,78.0,600.0,144.0,67.0,2.0,1.0,1.0,1.0,16.0,33.0,15.0,-2764.0,-2.0,5345.0,3.0,-1.0,0.0
35,0.0,61808.0,69316.0,75.0,601.0,190.0,85.0,7.0,4.0,2.0,0.0,34.0,40.0,36.0,64541.0,79240.0,82.0,513.0,120.0,65.0,6.0,0.0,0.0,1.0,40.0,34.0,68.0,-9924.0,-7.0,-2733.0,4.0,-1.0,2.0
36,0.0,57498.0,68355.0,74.0,600.0,148.0,59.0,7.0,3.0,1.0,0.0,36.0,44.0,33.0,67717.0,82170.0,81.0,495.0,198.0,217.0,3.0,2.0,0.0,2.0,44.0,36.0,70.0,-13815.0,-7.0,-10219.0,1.0,-2.0,1.0
37,0.0,62935.0,72543.0,78.0,536.0,135.0,373.0,7.0,3.0,2.0,0.0,40.0,51.0,31.0,67901.0,78761.0,81.0,601.0,198.0,62.0,4.0,1.0,0.0,1.0,51.0,40.0,45.0,-6218.0,-3.0,-4966.0,2.0,-1.0,2.0
38,0.0,51823.0,62637.0,71.0,507.0,152.0,450.0,7.0,4.0,1.0,0.0,22.0,26.0,36.0,54983.0,66646.0,74.0,547.0,120.0,104.0,5.0,0.0,0.0,0.0,26.0,22.0,36.0,-4009.0,-3.0,-3160.0,4.0,0.0,1.0
39,1.0,66144.0,79200.0,80.0,561.0,212.0,64.0,6.0,3.0,0.0,1.0,43.0,39.0,61.0,59327.0,69415.0,74.0,481.0,144.0,64.0,5.0,2.0,1.0,0.0,39.0,43.0,62.0,9785.0,6.0,6817.0,1.0,1.0,-1.0
40,1.0,69047.0,81920.0,82.0,564.0,204.0,85.0,6.0,4.0,1.0,0.0,52.0,38.0,48.0,63751.0,76982.0,79.0,606.0,138.0,75.0,4.0,1.0,1.0,0.0,38.0,52.0,52.0,4938.0,3.0,5296.0,3.0,0.0,0.0
41,0.0,60746.0,69182.0,75.0,559.0,160.0,74.0,9.0,2.0,1.0,0.0,36.0,37.0,60.0,64067.0,78890.0,80.0,655.0,208.0,101.0,4.0,3.0,1.0,1.0,37.0,36.0,61.0,-9708.0,-5.0,-3321.0,-1.0,-1.0,0.0
42,1.0,58796.0,70171.0,75.0,525.0,197.0,85.0,7.0,3.0,1.0,1.0,28.0,31.0,34.0,64228.0,70811.0,76.0,563.0,222.0,67.0,5.0,1.0,0.0,0.0,31.0,28.0,43.0,-640.0,-1.0,-5432.0,2.0,1.0,1.0
43,0.0,56499.0,66536.0,73.0,505.0,116.0,98.0,8.0,1.0,1.0,0.0,29.0,46.0,43.0,67738.0,78055.0,80.0,517.0,211.0,471.0,5.0,4.0,1.0,1.0,46.0,29.0,66.0,-11519.0,-7.0,-11239.0,-3.0,-1.0,0.0
44,0.0,63813.0,75540.0,79.0,589.0,187.0,51.0,7.0,3.0,0.0,1.0,35.0,35.0,41.0,60853.0,69100.0,75.0,594.0,146.0,133.0,6.0,2.0,2.0,0.0,35.0,35.0,47.0,6440.0,4.0,2960.0,1.0,1.0,-2.0
45,1.0,61844.0,72870.0,77.0,485.0,163.0,58.0,9.0,2.0,1.0,0.0,43.0,45.0,45.0,61621.0,74027.0,77.0,462.0,142.0,52.0,1.0,2.0,1.0,1.0,45.0,43.0,55.0,-1157.0,0.0,223.0,0.0,-1.0,0.0
46,1.0,57345.0,68722.0,74.0,668.0,167.0,50.0,8.0,3.0,2.0,0.0,17.0,27.0,25.0,53364.0,67162.0,73.0,574.0,154.0,53.0,2.0,2.0,0.0,0.0,27.0,17.0,27.0,1560.0,1.0,3981.0,1.0,0.0,2.0
47,1.0,67438.0,80940.0,82.0,609.0,152.0,60.0,12.0,2.0,1.0,1.0,40.0,38.0,56.0,62460.0,71336.0,75.0,586.0,171.0,62.0,2.0,3.0,0.0,0.0,38.0,40.0,43.0,9604.0,7.0,4978.0,-1.0,1.0,1.0
48,1.0,64682.0,77771.0,79.0,570.0,280.0,138.0,9.0,4.0,2.0,1.0,40.0,30.0,18.0,58320.0,77514.0,78.0,658.0,111.0,66.0,1.0,0.0,0.0,0.0,30.0,40.0,36.0,257.0,1.0,6362.0,4.0,1.0,2.0
49,0.0,57092.0,64716.0,71.0,473.0,160.0,66.0,5.0,2.0,2.0,0.0,35.0,39.0,50.0,56969.0,68680.0,73.0,429.0,188.0,141.0,2.0,3.0,0.0,0.0,39.0,35.0,57.0,-3964.0,-2.0,123.0,-1.0,0.0,2.0
50,1.0,62585.0,81748.0,81.0,630.0,157.0,81.0,7.0,3.0,0.0,0.0,38.0,31.0,42.0,61637.0,77888.0,79.0,667.0,192.0,155.0,2.0,2.0,1.0,1.0,31.0,38.0,27.0,3860.0,2.0,948.0,1.0,-1.0,-1.0
51,0.0,61813.0,75838.0,79.0,706.0,76.0,83.0,5.0,1.0,0.0,0.0,38.0,47.0,44.0,70658.0,81262.0,82.0,631.0,241.0,79.0,7.0,3.0,1.0,1.0,47.0,38.0,44.0,-5424.0,-3.0,-8845.0,-2.0,-1.0,-1.0
52,1.0,66604.0,76803.0,79.0,493.0,207.0,64.0,5.0,3.0,0.0,2.0,40.0,50.0,52.0,63880.0,70194.0,76.0,500.0,125.0,62.0,4.0,2.0,1.0,0.0,50.0,40.0,78.0,6609.0,3.0,2724.0,1.0,2.0,-1.0
53,1.0,63669.0,78223.0,80.0,625.0,165.0,85.0,5.0,2.0,0.0,0.0,41.0,37.0,53.0,65137.0,73620.0,78.0,608.0,156.0,59.0,9.0,2.0,2.0,1.0,37.0,41.0,58.0,4603.0,2.0,-1468.0,0.0,-1.0,-2.0
54,0.0,56997.0,62966.0,70.0,489.0,119.0,245.0,3.0,2.0,0.0,0.0,34.0,44.0,42.0,60767.0,68319.0,74.0,444.0,154.0,60.0,5.0,2.0,1.0,0.0,44.0,34.0,61.0,-5353.0,-4.0,-3770.0,0.0,0.0,-1.0
55,0.0,62706.0,75063.0,78.0,539.0,162.0,358.0,7.0,0.0,2.0,1.0,37.0,49.0,45.0,64391.0,71743.0,76.0,572.0,190.0,74.0,3.0,4.0,0.0,0.0,49.0,37.0,39.0,3320.0,2.0,-1685.0,-4.0,1.0,2.0
56,0.0,70620.0,76571.0,80.0,492.0,167.0,80.0,4.0,1.0,2.0,0.0,63.0,57.0,61.0,70459.0,79812.0,81.0,455.0,175.0,70.0,5.0,2.0,0.0,1.0,57.0,63.0,79.0,-3241.0,-1.0,161.0,-1.0,-1.0,2.0
57,0.0,53371.0,56230.0,67.0,478.0,140.0,160.0,7.0,3.0,2.0,0.0,25.0,35.0,25.0,60032.0,71879.0,76.0,497.0,196.0,337.0,2.0,1.0,0.0,1.0,35.0,25.0,53.0,-15649.0,-9.0,-6661.0,2.0,-1.0,2.0
58,1.0,61352.0,76379.0,79.0,628.0,138.0,103.0,6.0,0.0,1.0,0.0,34.0,28.0,45.0,60056.0,72811.0,78.0,655.0,196.0,328.0,3.0,4.0,0.0,0.0,28.0,34.0,24.0,3568.0,1.0,1296.0,-4.0,0.0,1.0
59,1.0,72518.0,90003.0,87.0,605.0,212.0,73.0,11.0,4.0,0.0,1.0,49.0,27.0,56.0,57338.0,70091.0,75.0,595.0,123.0,68.0,4.0,0.0,1.0,0.0,27.0,49.0,34.0,19912.0,12.0,15180.0,4.0,1.0,-1.0
60,0.0,57909.0,67925.0,73.0,512.0,126.0,420.0,4.0,0.0,1.0,0.0,28.0,45.0,31.0,65325.0,76698.0,79.0,588.0,193.0,105.0,4.0,4.0,0.0,1.0,45.0,28.0,56.0,-8773.0,-6.0,-7416.0,-4.0,-1.0,1.0
61,1.0,59404.0,67667.0,74.0,530.0,123.0,100.0,5.0,2.0,0.0,0.0,38.0,43.0,45.0,60789.0,65424.0,71.0,552.0,139.0,61.0,3.0,3.0,2.0,0.0,43.0,38.0,57.0,2243.0,3.0,-1385.0,-1.0,0.0,-2.0
62,1.0,69710.0,80026.0,81.0,628.0,218.0,58.0,10.0,3.0,2.0,1.0,47.0,41.0,52.0,64620.0,83110.0,83.0,615.0,121.0,70.0,2.0,2.0,0.0,1.0,41.0,47.0,73.0,-3084.0,-2.0,5090.0,1.0,0.0,2.0
63,1.0,64607.0,76053.0,80.0,621.0,178.0,191.0,8.0,2.0,1.0,1.0,34.0,34.0,50.0,63174.0,69225.0,75.0,583.0,233.0,616.0,4.0,2.0,1.0,0.0,34.0,34.0,43.0,6828.0,5.0,1433.0,0.0,1.0,0.0
64,1.0,64145.0,78209.0,79.0,564.0,161.0,131.0,11.0,4.0,0.0,0.0,49.0,34.0,64.0,55854.0,67623.0,75.0,543.0,148.0,35.0,3.0,0.0,1.0,0.0,34.0,49.0,23.0,10586.0,4.0,8291.0,4.0,0.0,-1.0
65,0.0,64474.0,74483.0,78.0,604.0,242.0,150.0,5.0,3.0,1.0,0.0,40.0,38.0,37.0,61290.0,73127.0,77.0,569.0,128.0,59.0,2.0,1.0,1.0,0.0,38.0,40.0,48.0,1356.0,1.0,3184.0,2.0,0.0,0.0
66,0.0,62449.0,68285.0,73.0,648.0,195.0,120.0,9.0,4.0,2.0,0.0,32.0,35.0,43.0,65368.0,80113.0,82.0,626.0,172.0,100.0,1.0,1.0,0.0,2.0,35.0,32.0,66.0,-11828.0,-9.0,-2919.0,3.0,-2.0,2.0
67,0.0,66678.0,69681.0,76.0,570.0,204.0,90.0,7.0,3.0,1.0,1.0,43.0,55.0,52.0,78346.0,86328.0,85.0,537.0,106.0,63.0,4.0,2.0,0.0,1.0,55.0,43.0,104.0,-16647.0,-9.0,-11668.0,1.0,0.0,1.0
68,0.0,54671.0,65411.0,73.0,633.0,186.0,151.0,2.0,3.0,0.0,0.0,21.0,40.0,26.0,65238.0,74573.0,78.0,625.0,158.0,54.0,7.0,2.0,2.0,1.0,40.0,21.0,61.0,-9162.0,-5.0,-10567.0,1.0,-1.0,-2.0
69,1.0,56148.0,63185.0,72.0,447.0,184.0,65.0,5.0,3.0,1.0,0.0,39.0,28.0,46.0,52761.0,62460.0,70.0,481.0,99.0,128.0,2.0,1.0,0.0,0.0,28.0,39.0,41.0,725.0,2.0,3387.0,2.0,0.0,1.0
70,1.0,62173.0,75038.0,79.0,581.0,239.0,57.0,9.0,3.0,1.0,1.0,33.0,23.0,46.0,55606.0,67617.0,74.0,650.0,144.0,65.0,3.0,2.0,0.0,0.0,23.0,33.0,31.0,7421.0,5.0,6567.0,1.0,1.0,1.0
71,0.0,61630.0,79681.0,81.0,593.0,172.0,171.0,6.0,1.0,1.0,0.0,41.0,43.0,57.0,64167.0,76628.0,79.0,548.0,190.0,54.0,4.0,3.0,0.0,1.0,43.0,41.0,42.0,3053.0,2.0,-2537.0,-2.0,-1.0,1.0
72,1.0,65321.0,77651.0,80.0,575.0,168.0,62.0,5.0,3.0,2.0,1.0,41.0,37.0,59.0,63018.0,70971.0,77.0,579.0,173.0,134.0,4.0,2.0,0.0,1.0,37.0,41.0,51.0,6680.0,3.0,2303.0,1.0,0.0,2.0
73,1.0,71472.0,82098.0,82.0,517.0,153.0,73.0,8.0,2.0,1.0,1.0,53.0,40.0,78.0,60761.0,69715.0,75.0,609.0,164.0,49.0,3.0,2.0,0.0,0.0,40.0,53.0,38.0,12383.0,7.0,10711.0,0.0,1.0,1.0
74,1.0,68023.0,76790.0,79.0,511.0,186.0,57.0,8.0,3.0,1.0,0.0,53.0,52.0,56.0,65171.0,79343.0,80.0,504.0,113.0,69.0,2.0,2.0,1.0,0.0,52.0,53.0,50.0,-2553.0,-1.0,2852.0,1.0,0.0,0.0
75,1.0,68757.0,81581.0,82.0,620.0,180.0,66.0,9.0,5.0,1.0,2.0,38.0,27.0,58.0,53436.0,63415.0,71.0,627.0,117.0,239.0,0.0,0.0,1.0,0.0,27.0,38.0,48.0,18166.0,11.0,15321.0,5.0,2.0,0.0
76,0.0,61737.0,71742.0,77.0,500.0,95.0,53.0,5.0,0.0,1.0,0.0,39.0,48.0,62.0,60307.0,70463.0,74.0,464.0,140.0,46.0,6.0,4.0,1.0,0.0,48.0,39.0,41.0,1279.0,3.0,1430.0,-4.0,0.0,0.0
77,0.0,61136.0,63463.0,70.0,546.0,233.0,72.0,9.0,3.0,1.0,0.0,33.0,43.0,38.0,64624.0,76090.0,79.0,600.0,119.0,56.0,2.0,1.0,1.0,0.0,43.0,33.0,75.0,-12627.0,-9.0,-3488.0,2.0,0.0,0.0
78,0.0,62460.0,70615.0,75.0,523.0,120.0,274.0,6.0,1.0,1.0,0.0,46.0,43.0,53.0,59507.0,74488.0,78.0,508.0,149.0,54.0,3.0,3.0,1.0,1.0,43.0,46.0,35.0,-3873.0,-3.0,2953.0,-2.0,-1.0,0.0
79,0.0,55511.0,67428.0,74.0,499.0,121.0,74.0,5.0,2.0,2.0,0.0,27.0,50.0,39.0,67977.0,81338.0,83.0,546.0,204.0,135.0,4.0,3.0,0.0,1.0,50.0,27.0,47.0,-13910.0,-9.0,-12466.0,-1.0,-1.0,2.0
80,0.0,55221.0,64328.0,72.0,588.0,160.0,109.0,10.0,1.0,1.0,0.0,22.0,47.0,20.0,62877.0,76937.0,79.0,520.0,154.0,73.0,3.0,3.0,1.0,1.0,47.0,22.0,57.0,-12609.0,-7.0,-7656.0,-2.0,-1.0,0.0
81,0.0,66531.0,77594.0,81.0,528.0,170.0,70.0,5.0,3.0,1.0,0.0,54.0,39.0,53.0,69720.0,82783.0,83.0,610.0,199.0,61.0,5.0,2.0,1.0,2.0,39.0,54.0,49.0,-5189.0,-2.0,-3189.0,1.0,-2.0,0.0
82,1.0,65861.0,81149.0,81.0,522.0,167.0,76.0,7.0,4.0,1.0,1.0,51.0,35.0,55.0,60557.0,64503.0,72.0,636.0,150.0,60.0,6.0,0.0,0.0,0.0,35.0,51.0,25.0,16646.0,9.0,5304.0,4.0,1.0,1.0
83,1.0,61359.0,72627.0,77.0,517.0,201.0,64.0,9.0,3.0,1.0,1.0,39.0,32.0,36.0,56604.0,70596.0,76.0,520.0,146.0,55.0,3.0,1.0,0.0,0.0,32.0,39.0,51.0,2031.0,1.0,4755.0,2.0,1.0,1.0
84,1.0,70173.0,81411.0,81.0,646.0,119.0,205.0,9.0,2.0,1.0,0.0,47.0,55.0,68.0,69605.0,76240.0,79.0,608.0,211.0,114.0,6.0,2.0,0.0,1.0,55.0,47.0,39.0,5171.0,2.0,568.0,0.0,-1.0,1.0
85,1.0,63756.0,74992.0,78.0,572.0,237.0,66.0,7.0,2.0,1.0,1.0,33.0,30.0,69.0,58176.0,66605.0,73.0,607.0,164.0,74.0,4.0,2.0,0.0,0.0,30.0,33.0,55.0,8387.0,5.0,5580.0,0.0,1.0,1.0
86,1.0,71089.0,87735.0,85.0,550.0,229.0,52.0,9.0,3.0,2.0,1.0,50.0,46.0,44.0,65721.0,81950.0,79.0,602.0,129.0,312.0,1.0,2.0,0.0,0.0,46.0,50.0,46.0,5785.0,6.0,5368.0,1.0,1.0,2.0
87,0.0,54807.0,69806.0,74.0,625.0,152.0,80.0,8.0,2.0,1.0,0.0,23.0,30.0,14.0,60557.0,75672.0,78.0,609.0,163.0,169.0,5.0,2.0,0.0,0.0,30.0,23.0,33.0,-5866.0,-4.0,-5750.0,0.0,0.0,1.0
88,0.0,61575.0,74205.0,77.0,684.0,186.0,90.0,7.0,2.0,1.0,0.0,30.0,44.0,34.0,69127.0,86335.0,85.0,644.0,202.0,77.0,4.0,2.0,1.0,1.0,44.0,30.0,57.0,-12130.0,-8.0,-7552.0,0.0,-1.0,0.0
89,0.0,58640.0,63684.0,72.0,546.0,169.0,74.0,8.0,0.0,2.0,0.0,31.0,40.0,35.0,61113.0,70338.0,75.0,445.0,134.0,53.0,6.0,4.0,0.0,1.0,40.0,31.0,74.0,-6654.0,-3.0,-2473.0,-4.0,-1.0,2.0
90,1.0,68214.0,80475.0,82.0,543.0,148.0,88.0,5.0,2.0,0.0,1.0,48.0,38.0,68.0,64310.0,73784.0,78.0,642.0,221.0,80.0,6.0,3.0,2.0,0.0,38.0,48.0,28.0,6691.0,4.0,3904.0,-1.0,1.0,-2.0
91,0.0,68258.0,76873.0,79.0,438.0,156.0,73.0,9.0,2.0,1.0,1.0,54.0,51.0,44.0,67722.0,80678.0,81.0,600.0,168.0,86.0,2.0,2.0,0.0,0.0,51.0,54.0,52.0,-3805.0,-2.0,536.0,0.0,1.0,1.0
92,1.0,61376.0,68664.0,74.0,550.0,134.0,56.0,8.0,1.0,0.0,0.0,41.0,29.0,61.0,63606.0,73351.0,77.0,644.0,162.0,57.0,4.0,3.0,2.0,1.0,29.0,41.0,40.0,-4687.0,-3.0,-2230.0,-2.0,-1.0,-2.0
93,1.0,69225.0,82253.0,82.0,511.0,213.0,79.0,7.0,3.0,2.0,1.0,55.0,39.0,62.0,61229.0,75963.0,79.0,517.0,117.0,49.0,2.0,2.0,0.0,0.0,39.0,55.0,59.0,6290.0,3.0,7996.0,1.0,1.0,2.0
94,1.0,63238.0,76830.0,79.0,588.0,144.0,83.0,8.0,2.0,2.0,1.0,30.0,43.0,34.0,65708.0,75862.0,79.0,610.0,228.0,52.0,7.0,2.0,0.0,0.0,43.0,30.0,46.0,968.0,0.0,-2470.0,0.0,1.0,2.0
95,0.0,59151.0,62333.0,71.0,495.0,100.0,113.0,5.0,1.0,0.0,0.0,37.0,49.0,53.0,65073.0,68976.0,74.0,447.0,161.0,50.0,6.0,4.0,1.0,0.0,49.0,37.0,58.0,-6643.0,-3.0,-5922.0,-3.0,0.0,-1.0
96,1.0,65703.0,73208.0,77.0,660.0,157.0,91.0,5.0,3.0,1.0,0.0,35.0,43.0,45.0,66137.0,67868.0,73.0,569.0,241.0,160.0,8.0,2.0,1.0,0.0,43.0,35.0,41.0,5340.0,4.0,-434.0,1.0,0.0,0.0
97,0.0,55558.0,67347.0,74.0,537.0,145.0,72.0,4.0,2.0,2.0,0.0,33.0,50.0,37.0,64731.0,77552.0,79.0,596.0,159.0,369.0,3.0,3.0,0.0,0.0,50.0,33.0,59.0,-10205.0,-5.0,-9173.0,-1.0,0.0,2.0
98,1.0,62604.0,72668.0,77.0,593.0,196.0,322.0,5.0,2.0,2.0,1.0,33.0,32.0,57.0,61454.0,71533.0,76.0,680.0,194.0,84.0,3.0,3.0,0.0,0.0,32.0,33.0,34.0,1135.0,1.0,1150.0,-1.0,1.0,2.0
99,1.0,63200.0,71648.0,78.0,433.0,141.0,50.0,8.0,2.0,0.0,0.0,48.0,35.0,60.0,58289.0,70349.0,76.0,429.0,157.0,48.0,3.0,2.0,2.0,0.0,35.0,48.0,36.0,1299.0,2.0,4911.0,0.0,0.0,-2.0
100,0.0,62594.0,73414.0,78.0,592.0,148.0,70.0,5.0,1.0,1.0,1.0,43.0,37.0,48.0,62525.0,74460.0,78.0,539.0,180.0,95.0,4.0,4.0,1.0,0.0,37.0,43.0,43.0,-1046.0,0.0,69.0,-3.0,1.0,0.0
101,1.0,65774.0,73125.0,76.0,610.0,257.0,118.0,9.0,4.0,1.0,0.0,42.0,36.0,47.0,57025.0,69341.0,75.0,496.0,117.0,46.0,1.0,1.0,1.0,0.0,36.0,42.0,43.0,3784.0,1.0,8749.0,3.0,0.0,0.0
102,0.0,57451.0,62172.0,71.0,503.0,206.0,449.0,7.0,3.0,2.0,0.0,30.0,41.0,30.0,59762.0,72104.0,77.0,498.0,139.0,58.0,3.0,2.0,0.0,1.0,41.0,30.0,44.0,-9932.0,-6.0,-2311.0,1.0,-1.0,2.0
103,0.0,65690.0,78643.0,81.0,577.0,136.0,77.0,5.0,2.0,0.0,0.0,43.0,49.0,70.0,66817.0,74431.0,77.0,544.0,178.0,70.0,5.0,3.0,1.0,1.0,49.0,43.0,48.0,4212.0,4.0,-1127.0,-1.0,-1.0,-1.0
104,1.0,76509.0,84375.0,83.0,488.0,172.0,45.0,11.0,3.0,1.0,0.0,61.0,50.0,66.0,68806.0,83540.0,83.0,551.0,166.0,55.0,4.0,2.0,0.0,0.0,50.0,61.0,67.0,835.0,0.0,7703.0,1.0,0.0,1.0
105,1.0,67956.0,79468.0,80.0,502.0,140.0,67.0,8.0,2.0,2.0,1.0,48.0,45.0,65.0,65493.0,76018.0,79.0,518.0,219.0,115.0,4.0,2.0,0.0,0.0,45.0,48.0,58.0,3450.0,1.0,2463.0,0.0,1.0,2.0
106,0.0,62278.0,64101.0,72.0,507.0,146.0,137.0,1.0,1.0,1.0,0.0,26.0,47.0,43.0,65162.0,73703.0,77.0,499.0,194.0,45.0,9.0,3.0,0.0,1.0,47.0,26.0,32.0,-9602.0,-5.0,-2884.0,-2.0,-1.0,1.0
107,1.0,66174.0,72793.0,77.0,401.0,168.0,70.0,7.0,3.0,1.0,1.0,48.0,39.0,96.0,65379.0,67984.0,73.0,518.0,219.0,286.0,4.0,2.0,1.0,1.0,39.0,48.0,76.0,4809.0,4.0,795.0,1.0,0.0,0.0
108,0.0,58072.0,74680.0,78.0,542.0,121.0,92.0,5.0,2.0,1.0,0.0,38.0,47.0,50.0,68824.0,72713.0,77.0,573.0,197.0,85.0,6.0,2.0,0.0,0.0,47.0,38.0,60.0,1967.0,1.0,-10752.0,0.0,0.0,1.0
109,0.0,57985.0,68034.0,74.0,557.0,132.0,194.0,6.0,3.0,2.0,0.0,40.0,34.0,36.0,54887.0,65474.0,73.0,461.0,108.0,164.0,3.0,2.0,0.0,0.0,34.0,40.0,38.0,2560.0,1.0,3098.0,1.0,0.0,2.0
110,1.0,67425.0,80552.0,81.0,537.0,184.0,211.0,9.0,3.0,1.0,1.0,49.0,35.0,70.0,62308.0,70037.0,75.0,606.0,173.0,249.0,3.0,1.0,1.0,0.0,35.0,49.0,56.0,10515.0,6.0,5117.0,2.0,1.0,0.0
111,0.0,68780.0,71835.0,76.0,650.0,148.0,83.0,11.0,0.0,1.0,0.0,40.0,46.0,31.0,73208.0,87713.0,85.0,711.0,219.0,131.0,4.0,4.0,0.0,1.0,46.0,40.0,59.0,-15878.0,-9.0,-4428.0,-4.0,-1.0,1.0
112,0.0,59822.0,67783.0,73.0,617.0,185.0,83.0,5.0,2.0,2.0,0.0,31.0,33.0,26.0,60529.0,71923.0,76.0,623.0,187.0,330.0,3.0,3.0,0.0,1.0,33.0,31.0,34.0,-4140.0,-3.0,-707.0,-1.0,-1.0,2.0
113,0.0,57058.0,63633.0,71.0,495.0,167.0,198.0,8.0,2.0,1.0,0.0,34.0,48.0,52.0,64948.0,78774.0,80.0,524.0,160.0,55.0,6.0,2.0,0.0,1.0,48.0,34.0,63.0,-15141.0,-9.0,-7890.0,0.0,-1.0,1.0
114,1.0,69408.0,80632.0,80.0,589.0,186.0,77.0,10.0,3.0,0.0,2.0,46.0,37.0,67.0,61643.0,76024.0,79.0,629.0,120.0,91.0,3.0,1.0,1.0,0.0,37.0,46.0,40.0,4608.0,1.0,7765.0,2.0,2.0,-1.0
115,1.0,59459.0,68532.0,74.0,605.0,202.0,96.0,6.0,2.0,2.0,0.0,27.0,24.0,35.0,59869.0,72138.0,77.0,703.0,208.0,87.0,1.0,3.0,0.0,1.0,24.0,27.0,25.0,-3606.0,-3.0,-410.0,-1.0,-1.0,2.0
116,1.0,58573.0,71679.0,76.0,561.0,180.0,42.0,12.0,0.0,1.0,1.0,22.0,28.0,39.0,55253.0,68926.0,75.0,605.0,124.0,35.0,5.0,4.0,0.0,0.0,28.0,22.0,38.0,2753.0,1.0,3320.0,-4.0,1.0,1.0
117,0.0,59441.0,72156.0,76.0,637.0,180.0,137.0,9.0,2.0,2.0,1.0,28.0,37.0,20.0,64010.0,81722.0,82.0,671.0,207.0,85.0,2.0,3.0,0.0,1.0,37.0,28.0,36.0,-9566.0,-6.0,-4569.0,-1.0,0.0,2.0
118,0.0,61147.0,76020.0,79.0,659.0,237.0,71.0,5.0,2.0,0.0,1.0,25.0,31.0,31.0,62297.0,74126.0,78.0,668.0,192.0,310.0,4.0,3.0,2.0,0.0,31.0,25.0,35.0,1894.0,1.0,-1150.0,-1.0,1.0,-2.0
119,1.0,61887.0,74167.0,78.0,549.0,112.0,180.0,5.0,2.0,0.0,0.0,52.0,30.0,66.0,59129.0,69572.0,75.0,541.0,143.0,364.0,4.0,2.0,1.0,1.0,30.0,52.0,27.0,4595.0,3.0,2758.0,0.0,-1.0,-1.0
120,1.0,68167.0,76508.0,79.0,559.0,173.0,133.0,7.0,3.0,1.0,1.0,49.0,31.0,87.0,57757.0,65114.0,72.0,564.0,142.0,92.0,2.0,2.0,1.0,0.0,31.0,49.0,49.0,11394.0,7.0,10410.0,1.0,1.0,0.0
121,1.0,65732.0,74394.0,79.0,555.0,110.0,196.0,7.0,1.0,0.0,0.0,43.0,25.0,65.0,55931.0,60273.0,69.0,554.0,152.0,102.0,3.0,3.0,2.0,0.0,25.0,43.0,31.0,14121.0,10.0,9801.0,-2.0,0.0,-2.0
122,0.0,63738.0,74982.0,79.0,565.0,229.0,211.0,9.0,2.0,1.0,1.0,35.0,38.0,44.0,66566.0,84631.0,84.0,720.0,207.0,95.0,3.0,3.0,0.0,1.0,38.0,35.0,46.0,-9649.0,-5.0,-2828.0,-1.0,0.0,1.0
123,0.0,57966.0,66985.0,74.0,558.0,135.0,388.0,3.0,3.0,1.0,0.0,37.0,29.0,57.0,66570.0,75753.0,80.0,655.0,203.0,74.0,7.0,1.0,0.0,1.0,29.0,37.0,53.0,-8768.0,-6.0,-8604.0,2.0,-1.0,1.0
124,0.0,52279.0,66074.0,73.0,473.0,136.0,48.0,3.0,2.0,1.0,0.0,26.0,42.0,26.0,63316.0,78175.0,80.0,535.0,200.0,160.0,6.0,3.0,1.0,1.0,42.0,26.0,35.0,-12101.0,-7.0,-11037.0,-1.0,-1.0,0.0
125,1.0,79514.0,85347.0,85.0,654.0,234.0,137.0,11.0,2.0,1.0,1.0,53.0,39.0,69.0,67824.0,81264.0,82.0,675.0,168.0,100.0,2.0,3.0,1.0,1.0,39.0,53.0,39.0,4083.0,3.0,11690.0,-1.0,0.0,0.0
126,0.0,65529.0,72263.0,77.0,485.0,155.0,315.0,8.0,3.0,1.0,0.0,55.0,49.0,60.0,63406.0,72848.0,76.0,428.0,102.0,46.0,1.0,1.0,0.0,1.0,49.0,55.0,59.0,-585.0,1.0,2123.0,2.0,-1.0,1.0
127,0.0,66384.0,77284.0,80.0,656.0,190.0,91.0,6.0,2.0,0.0,0.0,42.0,34.0,61.0,63826.0,77617.0,80.0,627.0,211.0,85.0,2.0,2.0,1.0,0.0,34.0,42.0,42.0,-333.0,0.0,2558.0,0.0,0.0,-1.0
128,0.0,54012.0,68134.0,73.0,470.0,168.0,55.0,2.0,0.0,1.0,0.0,25.0,49.0,25.0,60865.0,71840.0,76.0,485.0,212.0,168.0,6.0,4.0,1.0,0.0,49.0,25.0,64.0,-3706.0,-3.0,-6853.0,-4.0,0.0,0.0
129,0.0,64389.0,72241.0,76.0,557.0,257.0,55.0,8.0,3.0,2.0,0.0,44.0,38.0,37.0,56814.0,70232.0,76.0,482.0,82.0,21.0,1.0,2.0,0.0,0.0,38.0,44.0,53.0,2009.0,0.0,7575.0,1.0,0.0,2.0
130,0.0,49408.0,62317.0,71.0,495.0,70.0,95.0,1.0,2.0,1.0,0.0,26.0,33.0,36.0,60486.0,72873.0,77.0,532.0,172.0,333.0,6.0,3.0,1.0,1.0,33.0,26.0,37.0,-10556.0,-6.0,-11078.0,-1.0,-1.0,0.0
131,1.0,67750.0,85027.0,82.0,515.0,180.0,74.0,6.0,2.0,1.0,1.0,46.0,41.0,64.0,64975.0,70963.0,77.0,591.0,164.0,74.0,8.0,2.0,0.0,0.0,41.0,46.0,51.0,14064.0,5.0,2775.0,0.0,1.0,1.0
132,0.0,67691.0,77281.0,80.0,587.0,135.0,76.0,8.0,0.0,1.0,0.0,43.0,60.0,46.0,72846.0,86714.0,85.0,626.0,195.0,80.0,3.0,4.0,0.0,1.0,60.0,43.0,75.0,-9433.0,-5.0,-5155.0,-4.0,-1.0,1.0
133,1.0,66344.0,75406.0,78.0,574.0,176.0,164.0,11.0,4.0,1.0,1.0,40.0,28.0,50.0,57567.0,64123.0,73.0,617.0,131.0,198.0,1.0,1.0,0.0,0.0,28.0,40.0,42.0,11283.0,5.0,8777.0,3.0,1.0,1.0
134,1.0,70576.0,79048.0,80.0,528.0,213.0,95.0,8.0,3.0,2.0,1.0,46.0,36.0,57.0,61672.0,70170.0,75.0,589.0,163.0,76.0,4.0,2.0,0.0,0.0,36.0,46.0,38.0,8878.0,5.0,8904.0,1.0,1.0,2.0
135,0.0,58122.0,66203.0,72.0,612.0,90.0,67.0,8.0,1.0,1.0,0.0,34.0,40.0,33.0,64408.0,77435.0,79.0,622.0,140.0,85.0,5.0,3.0,1.0,1.0,40.0,34.0,50.0,-11232.0,-7.0,-6286.0,-2.0,-1.0,0.0
136,1.0,63490.0,75897.0,77.0,632.0,153.0,61.0,6.0,3.0,0.0,0.0,40.0,45.0,34.0,67877.0,81052.0,82.0,599.0,244.0,35.0,6.0,2.0,1.0,0.0,45.0,40.0,36.0,-5155.0,-5.0,-4387.0,1.0,0.0,-1.0
137,1.0,61061.0,72446.0,76.0,394.0,80.0,24.0,5.0,1.0,0.0,0.0,53.0,49.0,48.0,62570.0,68857.0,75.0,364.0,168.0,41.0,6.0,4.0,2.0,1.0,49.0,53.0,51.0,3589.0,1.0,-1509.0,-3.0,-1.0,-2.0
138,0.0,56964.0,70532.0,75.0,640.0,212.0,121.0,4.0,3.0,1.0,0.0,25.0,35.0,28.0,62392.0,79776.0,81.0,570.0,183.0,47.0,4.0,2.0,1.0,2.0,35.0,25.0,38.0,-9244.0,-6.0,-5428.0,1.0,-2.0,0.0
139,0.0,61308.0,80648.0,82.0,584.0,154.0,54.0,9.0,0.0,2.0,1.0,32.0,28.0,42.0,56973.0,67975.0,73.0,543.0,201.0,69.0,5.0,4.0,0.0,0.0,28.0,32.0,20.0,12673.0,9.0,4335.0,-4.0,1.0,2.0
140,0.0,57724.0,70062.0,75.0,468.0,144.0,52.0,3.0,1.0,1.0,0.0,46.0,38.0,62.0,64797.0,70573.0,75.0,502.0,174.0,60.0,5.0,3.0,1.0,1.0,38.0,46.0,49.0,-511.0,0.0,-7073.0,-2.0,-1.0,0.0
141,0.0,51568.0,62324.0,71.0,475.0,82.0,56.0,5.0,0.0,1.0,0.0,29.0,47.0,34.0,66490.0,78687.0,79.0,512.0,211.0,66.0,4.0,4.0,1.0,1.0,47.0,29.0,48.0,-16363.0,-8.0,-14922.0,-4.0,-1.0,0.0
142,0.0,53906.0,61973.0,71.0,453.0,100.0,79.0,5.0,0.0,1.0,0.0,35.0,42.0,42.0,63651.0,76309.0,78.0,534.0,199.0,50.0,2.0,5.0,1.0,1.0,42.0,35.0,26.0,-14336.0,-7.0,-9745.0,-5.0,-1.0,0.0
143,1.0,59330.0,67765.0,73.0,563.0,195.0,64.0,4.0,4.0,1.0,0.0,31.0,32.0,42.0,55323.0,60432.0,69.0,532.0,102.0,82.0,3.0,0.0,1.0,0.0,32.0,31.0,55.0,7333.0,4.0,4007.0,4.0,0.0,0.0
144,1.0,61293.0,73247.0,76.0,592.0,172.0,60.0,6.0,3.0,1.0,0.0,32.0,31.0,54.0,60897.0,70179.0,75.0,579.0,193.0,345.0,3.0,2.0,1.0,2.0,31.0,32.0,34.0,3068.0,1.0,396.0,1.0,-2.0,0.0
145,0.0,55733.0,70811.0,76.0,532.0,92.0,50.0,4.0,1.0,1.0,0.0,34.0,51.0,55.0,68211.0,83262.0,83.0,503.0,227.0,46.0,7.0,3.0,0.0,1.0,51.0,34.0,61.0,-12451.0,-7.0,-12478.0,-2.0,-1.0,1.0
146,0.0,60610.0,80194.0,82.0,509.0,132.0,40.0,6.0,1.0,1.0,0.0,41.0,48.0,33.0,69061.0,78551.0,81.0,576.0,143.0,109.0,5.0,3.0,0.0,1.0,48.0,41.0,41.0,1643.0,1.0,-8451.0,-2.0,-1.0,1.0
147,0.0,64521.0,74309.0,78.0,488.0,139.0,57.0,8.0,3.0,1.0,1.0,49.0,40.0,45.0,60881.0,72891.0,78.0,412.0,160.0,64.0,1.0,1.0,0.0,0.0,40.0,49.0,52.0,1418.0,0.0,3640.0,2.0,1.0,1.0
148,0.0,58777.0,75002.0,78.0,530.0,64.0,91.0,5.0,1.0,0.0,0.0,40.0,44.0,64.0,67217.0,78919.0,79.0,548.0,184.0,564.0,6.0,4.0,1.0,2.0,44.0,40.0,43.0,-3917.0,-1.0,-8440.0,-3.0,-2.0,-1.0
149,1.0,61429.0,72184.0,76.0,571.0,153.0,84.0,8.0,4.0,2.0,0.0,32.0,34.0,35.0,63280.0,76797.0,79.0,596.0,193.0,96.0,4.0,0.0,0.0,1.0,34.0,32.0,35.0,-4613.0,-3.0,-1851.0,4.0,-1.0,2.0
150,1.0,67067.0,77119.0,79.0,641.0,218.0,69.0,9.0,3.0,0.0,1.0,39.0,30.0,64.0,62263.0,72494.0,77.0,605.0,167.0,67.0,4.0,2.0,2.0,1.0,30.0,39.0,42.0,4625.0,2.0,4804.0,1.0,0.0,-2.0
151,1.0,64475.0,74075.0,78.0,618.0,173.0,164.0,5.0,1.0,0.0,0.0,43.0,30.0,53.0,59442.0,66597.0,72.0,630.0,169.0,313.0,5.0,4.0,1.0,0.0,30.0,43.0,34.0,7478.0,6.0,5033.0,-3.0,0.0,-1.0
152,1.0,73010.0,82887.0,83.0,517.0,195.0,167.0,11.0,4.0,1.0,0.0,63.0,42.0,70.0,63336.0,78768.0,80.0,521.0,111.0,106.0,1.0,1.0,1.0,1.0,42.0,63.0,47.0,4119.0,3.0,9674.0,3.0,-1.0,0.0
153,1.0,62483.0,75797.0,79.0,606.0,200.0,86.0,8.0,3.0,0.0,0.0,37.0,33.0,43.0,64815.0,79666.0,81.0,646.0,200.0,77.0,3.0,1.0,1.0,0.0,33.0,37.0,32.0,-3869.0,-2.0,-2332.0,2.0,0.0,-1.0
154,1.0,56302.0,70738.0,77.0,643.0,189.0,64.0,5.0,1.0,2.0,0.0,28.0,40.0,38.0,65016.0,78110.0,80.0,653.0,186.0,145.0,6.0,3.0,0.0,1.0,40.0,28.0,41.0,-7372.0,-3.0,-8714.0,-2.0,-1.0,2.0
155,1.0,58323.0,65836.0,72.0,442.0,212.0,88.0,6.0,4.0,1.0,0.0,35.0,40.0,31.0,61032.0,74348.0,78.0,425.0,161.0,322.0,1.0,1.0,0.0,2.0,40.0,35.0,80.0,-8512.0,-6.0,-2709.0,3.0,-2.0,1.0
156,1.0,67625.0,77017.0,79.0,477.0,131.0,75.0,10.0,2.0,0.0,1.0,50.0,44.0,67.0,63889.0,72778.0,77.0,567.0,147.0,58.0,3.0,3.0,2.0,0.0,44.0,50.0,43.0,4239.0,2.0,3736.0,-1.0,1.0,-2.0
157,0.0,60940.0,71649.0,76.0,651.0,129.0,74.0,4.0,1.0,1.0,0.0,34.0,37.0,33.0,69159.0,86877.0,85.0,672.0,231.0,78.0,7.0,3.0,1.0,1.0,37.0,34.0,45.0,-15228.0,-9.0,-8219.0,-2.0,-1.0,0.0
158,1.0,57830.0,71186.0,76.0,663.0,175.0,121.0,4.0,2.0,0.0,0.0,29.0,31.0,45.0,61801.0,73079.0,77.0,640.0,211.0,82.0,3.0,2.0,2.0,0.0,31.0,29.0,48.0,-1893.0,-1.0,-3971.0,0.0,0.0,-2.0
159,0.0,55910.0,71632.0,76.0,579.0,92.0,101.0,6.0,0.0,0.0,0.0,27.0,43.0,24.0,67896.0,87493.0,86.0,582.0,284.0,341.0,5.0,5.0,2.0,0.0,43.0,27.0,29.0,-15861.0,-10.0,-11986.0,-5.0,0.0,-2.0
160,0.0,61522.0,68019.0,74.0,469.0,244.0,64.0,7.0,2.0,1.0,0.0,43.0,56.0,39.0,66856.0,79454.0,80.0,601.0,124.0,50.0,3.0,3.0,0.0,0.0,56.0,43.0,56.0,-11435.0,-6.0,-5334.0,-1.0,0.0,1.0
161,0.0,54986.0,60863.0,68.0,488.0,221.0,70.0,7.0,4.0,0.0,1.0,24.0,16.0,23.0,52433.0,63882.0,71.0,546.0,159.0,259.0,3.0,1.0,2.0,1.0,16.0,24.0,24.0,-3019.0,-3.0,2553.0,3.0,0.0,-2.0
162,1.0,65057.0,78066.0,80.0,634.0,244.0,65.0,8.0,4.0,2.0,0.0,37.0,30.0,51.0,58625.0,73453.0,78.0,629.0,116.0,98.0,2.0,1.0,0.0,1.0,30.0,37.0,42.0,4613.0,2.0,6432.0,3.0,-1.0,2.0
163,1.0,66881.0,82247.0,83.0,537.0,190.0,127.0,7.0,3.0,2.0,1.0,47.0,30.0,56.0,54944.0,70984.0,75.0,590.0,120.0,100.0,2.0,2.0,0.0,0.0,30.0,47.0,34.0,11263.0,8.0,11937.0,1.0,1.0,2.0
164,0.0,70386.0,79875.0,82.0,562.0,224.0,86.0,4.0,2.0,1.0,1.0,48.0,35.0,45.0,63739.0,76847.0,80.0,642.0,215.0,68.0,2.0,3.0,0.0,0.0,35.0,48.0,44.0,3028.0,2.0,6647.0,-1.0,1.0,1.0
165,0.0,54736.0,66021.0,70.0,472.0,211.0,175.0,4.0,2.0,1.0,0.0,34.0,23.0,35.0,50466.0,60208.0,69.0,455.0,124.0,34.0,1.0,2.0,1.0,0.0,23.0,34.0,26.0,5813.0,1.0,4270.0,0.0,0.0,0.0
166,1.0,63515.0,77943.0,80.0,473.0,201.0,136.0,8.0,2.0,1.0,1.0,47.0,31.0,50.0,53994.0,70106.0,75.0,487.0,66.0,51.0,2.0,1.0,0.0,0.0,31.0,47.0,39.0,7837.0,5.0,9521.0,1.0,1.0,1.0
167,1.0,56460.0,69255.0,75.0,574.0,149.0,88.0,6.0,3.0,0.0,0.0,26.0,30.0,38.0,59942.0,69455.0,75.0,584.0,235.0,61.0,3.0,2.0,2.0,1.0,30.0,26.0,36.0,-200.0,0.0,-3482.0,1.0,-1.0,-2.0
168,0.0,63965.0,78843.0,80.0,435.0,70.0,67.0,8.0,0.0,2.0,0.0,50.0,68.0,73.0,78595.0,86132.0,84.0,484.0,217.0,52.0,6.0,4.0,0.0,1.0,68.0,50.0,52.0,-7289.0,-4.0,-14630.0,-4.0,-1.0,2.0
169,0.0,64877.0,75711.0,78.0,623.0,199.0,82.0,6.0,1.0,1.0,0.0,38.0,48.0,72.0,68555.0,82668.0,83.0,614.0,220.0,61.0,3.0,4.0,0.0,1.0,48.0,38.0,79.0,-6957.0,-5.0,-3678.0,-3.0,-1.0,1.0
170,1.0,65665.0,79380.0,81.0,613.0,176.0,254.0,5.0,2.0,1.0,1.0,42.0,42.0,55.0,65386.0,74067.0,77.0,587.0,233.0,82.0,7.0,3.0,1.0,0.0,42.0,42.0,44.0,5313.0,4.0,279.0,-1.0,1.0,0.0
171,1.0,59537.0,75306.0,78.0,481.0,170.0,61.0,8.0,3.0,1.0,0.0,40.0,26.0,60.0,50703.0,61110.0,69.0,431.0,155.0,38.0,0.0,1.0,1.0,0.0,26.0,40.0,37.0,14196.0,9.0,8834.0,2.0,0.0,0.0
172,1.0,66588.0,78145.0,80.0,460.0,174.0,77.0,12.0,4.0,1.0,1.0,54.0,38.0,77.0,64077.0,77828.0,80.0,640.0,179.0,76.0,2.0,1.0,0.0,0.0,38.0,54.0,41.0,317.0,0.0,2511.0,3.0,1.0,1.0
173,0.0,61763.0,68915.0,76.0,454.0,105.0,55.0,8.0,3.0,0.0,0.0,48.0,56.0,49.0,73387.0,83103.0,80.0,578.0,178.0,54.0,6.0,2.0,1.0,1.0,56.0,48.0,42.0,-14188.0,-4.0,-11624.0,1.0,-1.0,-1.0
174,1.0,56447.0,67977.0,74.0,428.0,165.0,279.0,10.0,5.0,1.0,1.0,29.0,22.0,37.0,48486.0,58739.0,68.0,493.0,97.0,53.0,0.0,0.0,0.0,0.0,22.0,29.0,23.0,9238.0,6.0,7961.0,5.0,1.0,1.0
175,1.0,66069.0,77851.0,81.0,509.0,173.0,59.0,6.0,2.0,0.0,1.0,50.0,47.0,75.0,63953.0,71330.0,76.0,511.0,160.0,72.0,6.0,3.0,2.0,0.0,47.0,50.0,51.0,6521.0,5.0,2116.0,-1.0,1.0,-2.0
176,0.0,57176.0,65364.0,74.0,500.0,161.0,432.0,4.0,2.0,1.0,0.0,34.0,43.0,29.0,62322.0,76153.0,79.0,457.0,155.0,60.0,4.0,3.0,1.0,1.0,43.0,34.0,37.0,-10789.0,-5.0,-5146.0,-1.0,-1.0,0.0
177,1.0,64180.0,76846.0,78.0,624.0,203.0,337.0,11.0,1.0,2.0,1.0,33.0,32.0,26.0,57761.0,81368.0,82.0,650.0,148.0,56.0,0.0,4.0,0.0,0.0,32.0,33.0,28.0,-4522.0,-4.0,6419.0,-3.0,1.0,2.0
178,1.0,66689.0,81617.0,82.0,573.0,177.0,46.0,9.0,2.0,1.0,0.0,46.0,40.0,60.0,65662.0,77323.0,79.0,694.0,223.0,70.0,5.0,3.0,1.0,1.0,40.0,46.0,33.0,4294.0,3.0,1027.0,-1.0,-1.0,0.0
179,0.0,55627.0,64123.0,72.0,536.0,95.0,51.0,3.0,3.0,1.0,0.0,32.0,33.0,52.0,59064.0,67884.0,74.0,495.0,183.0,190.0,6.0,2.0,0.0,0.0,33.0,32.0,67.0,-3761.0,-2.0,-3437.0,1.0,0.0,1.0
180,0.0,58246.0,69559.0,74.0,501.0,128.0,40.0,6.0,2.0,2.0,0.0,41.0,43.0,27.0,68329.0,85264.0,84.0,632.0,223.0,149.0,5.0,3.0,0.0,1.0,43.0,41.0,31.0,-15705.0,-10.0,-10083.0,-1.0,-1.0,2.0
181,1.0,62606.0,75345.0,78.0,578.0,262.0,65.0,7.0,3.0,1.0,0.0,39.0,27.0,39.0,55486.0,66985.0,73.0,582.0,138.0,66.0,1.0,1.0,0.0,0.0,27.0,39.0,34.0,8360.0,5.0,7120.0,2.0,0.0,1.0
182,1.0,65684.0,71161.0,76.0,475.0,192.0,61.0,10.0,3.0,2.0,0.0,46.0,51.0,47.0,64313.0,74905.0,78.0,572.0,115.0,383.0,2.0,2.0,0.0,0.0,51.0,46.0,57.0,-3744.0,-2.0,1371.0,1.0,0.0,2.0
183,1.0,63964.0,74293.0,79.0,547.0,191.0,106.0,12.0,4.0,0.0,1.0,39.0,49.0,35.0,64915.0,71990.0,77.0,551.0,139.0,216.0,5.0,0.0,1.0,0.0,49.0,39.0,67.0,2303.0,2.0,-951.0,4.0,1.0,-1.0
184,0.0,60108.0,75137.0,77.0,553.0,97.0,137.0,3.0,0.0,1.0,0.0,32.0,68.0,45.0,70143.0,80749.0,83.0,529.0,221.0,61.0,7.0,4.0,1.0,1.0,68.0,32.0,75.0,-5612.0,-6.0,-10035.0,-4.0,-1.0,0.0
185,1.0,65973.0,79235.0,80.0,617.0,191.0,155.0,7.0,5.0,1.0,1.0,35.0,38.0,40.0,63133.0,74163.0,78.0,619.0,218.0,47.0,3.0,0.0,0.0,0.0,38.0,35.0,34.0,5072.0,2.0,2840.0,5.0,1.0,1.0
186,0.0,56220.0,63370.0,71.0,605.0,192.0,127.0,7.0,1.0,2.0,0.0,21.0,28.0,24.0,57021.0,65993.0,72.0,599.0,148.0,174.0,1.0,3.0,0.0,0.0,28.0,21.0,45.0,-2623.0,-1.0,-801.0,-2.0,0.0,2.0
187,1.0,63281.0,75492.0,79.0,538.0,129.0,42.0,10.0,3.0,1.0,0.0,42.0,43.0,38.0,64318.0,74827.0,78.0,535.0,122.0,68.0,3.0,1.0,0.0,0.0,43.0,42.0,51.0,665.0,1.0,-1037.0,2.0,0.0,1.0
188,0.0,55231.0,64999.0,73.0,410.0,164.0,101.0,5.0,2.0,1.0,0.0,34.0,30.0,56.0,59089.0,70391.0,76.0,558.0,175.0,147.0,5.0,2.0,1.0,1.0,30.0,34.0,31.0,-5392.0,-3.0,-3858.0,0.0,-1.0,0.0
189,0.0,55427.0,63564.0,72.0,590.0,119.0,74.0,5.0,1.0,2.0,0.0,26.0,42.0,32.0,60448.0,70759.0,76.0,498.0,203.0,68.0,3.0,3.0,0.0,0.0,42.0,26.0,48.0,-7195.0,-4.0,-5021.0,-2.0,0.0,2.0
190,0.0,49281.0,63429.0,72.0,565.0,84.0,53.0,3.0,1.0,0.0,0.0,17.0,34.0,41.0,63082.0,71560.0,76.0,523.0,211.0,62.0,8.0,3.0,2.0,1.0,34.0,17.0,51.0,-8131.0,-4.0,-13801.0,-2.0,-1.0,-2.0
191,0.0,62065.0,69814.0,75.0,548.0,175.0,77.0,11.0,3.0,2.0,1.0,37.0,35.0,42.0,64510.0,78241.0,81.0,598.0,154.0,51.0,5.0,2.0,0.0,0.0,35.0,37.0,67.0,-8427.0,-6.0,-2445.0,1.0,1.0,2.0
192,1.0,67552.0,79926.0,81.0,486.0,140.0,50.0,10.0,4.0,0.0,0.0,58.0,40.0,61.0,64133.0,76560.0,78.0,460.0,119.0,63.0,2.0,0.0,2.0,1.0,40.0,58.0,68.0,3366.0,3.0,3419.0,4.0,-1.0,-2.0
193,1.0,63790.0,69131.0,74.0,512.0,121.0,72.0,6.0,3.0,0.0,0.0,46.0,34.0,79.0,59013.0,60130.0,68.0,525.0,189.0,59.0,4.0,2.0,1.0,0.0,34.0,46.0,43.0,9001.0,6.0,4777.0,1.0,0.0,-1.0
194,1.0,66344.0,75257.0,79.0,495.0,168.0,79.0,6.0,2.0,1.0,0.0,47.0,39.0,67.0,61629.0,72480.0,77.0,517.0,140.0,61.0,2.0,2.0,0.0,1.0,39.0,47.0,53.0,2777.0,2.0,4715.0,0.0,-1.0,1.0
195,1.0,60067.0,74068.0,78.0,517.0,186.0,348.0,5.0,3.0,2.0,0.0,40.0,41.0,33.0,62122.0,78452.0,80.0,553.0,150.0,171.0,5.0,2.0,0.0,0.0,41.0,40.0,39.0,-4384.0,-2.0,-2055.0,1.0,0.0,2.0
196,0.0,58202.0,66225.0,73.0,532.0,135.0,567.0,4.0,2.0,0.0,0.0,31.0,45.0,41.0,59729.0,68572.0,76.0,378.0,125.0,61.0,5.0,3.0,1.0,1.0,45.0,31.0,62.0,-2347.0,-3.0,-1527.0,-1.0,-1.0,-1.0
197,0.0,68117.0,82751.0,81.0,664.0,184.0,92.0,4.0,1.0,0.0,1.0,42.0,50.0,46.0,69942.0,82294.0,82.0,687.0,185.0,170.0,7.0,3.0,1.0,0.0,50.0,42.0,42.0,457.0,-1.0,-1825.0,-2.0,1.0,-1.0
198,0.0,65276.0,73461.0,78.0,536.0,113.0,55.0,4.0,1.0,1.0,0.0,45.0,50.0,54.0,66466.0,71641.0,76.0,498.0,196.0,97.0,8.0,4.0,1.0,0.0,50.0,45.0,55.0,1820.0,2.0,-1190.0,-3.0,0.0,0.0
199,1.0,67836.0,79146.0,80.0,569.0,256.0,87.0,8.0,2.0,0.0,1.0,41.0,34.0,48.0,61533.0,68005.0,74.0,607.0,155.0,73.0,4.0,3.0,1.0,0.0,34.0,41.0,41.0,11141.0,6.0,6303.0,-1.0,1.0,-1.0
200,1.0,61509.0,75297.0,78.0,664.0,195.0,59.0,4.0,2.0,1.0,0.0,37.0,29.0,33.0,58990.0,70947.0,76.0,640.0,169.0,455.0,3.0,2.0,0.0,0.0,29.0,37.0,25.0,4350.0,2.0,2519.0,0.0,0.0,1.0
201,1.0,65149.0,75432.0,78.0,571.0,215.0,43.0,8.0,3.0,1.0,1.0,37.0,36.0,45.0,62623.0,71796.0,76.0,576.0,153.0,88.0,4.0,2.0,0.0,0.0,36.0,37.0,68.0,3636.0,2.0,2526.0,1.0,1.0,1.0
202,1.0,65080.0,75207.0,78.0,464.0,195.0,67.0,7.0,5.0,1.0,0.0,52.0,32.0,60.0,54911.0,64374.0,72.0,468.0,95.0,45.0,1.0,0.0,1.0,0.0,32.0,52.0,50.0,10833.0,6.0,10169.0,5.0,0.0,0.0
203,0.0,59956.0,70497.0,75.0,603.0,147.0,461.0,6.0,0.0,0.0,0.0,35.0,29.0,62.0,67533.0,80767.0,81.0,648.0,231.0,70.0,4.0,4.0,2.0,1.0,29.0,35.0,28.0,-10270.0,-6.0,-7577.0,-4.0,-1.0,-2.0
204,1.0,54196.0,62190.0,66.0,402.0,141.0,49.0,1.0,1.0,1.0,0.0,37.0,23.0,42.0,51900.0,56552.0,67.0,416.0,170.0,39.0,7.0,3.0,1.0,0.0,23.0,37.0,22.0,5638.0,-1.0,2296.0,-2.0,0.0,0.0
205,1.0,70533.0,81975.0,82.0,454.0,157.0,71.0,7.0,3.0,1.0,1.0,67.0,41.0,84.0,59152.0,70528.0,75.0,522.0,114.0,52.0,1.0,1.0,0.0,0.0,41.0,67.0,40.0,11447.0,7.0,11381.0,2.0,1.0,1.0
206,1.0,68969.0,79403.0,81.0,491.0,226.0,35.0,12.0,3.0,2.0,0.0,55.0,41.0,64.0,61938.0,78650.0,80.0,513.0,96.0,390.0,1.0,1.0,0.0,0.0,41.0,55.0,56.0,753.0,1.0,7031.0,2.0,0.0,2.0
207,0.0,60057.0,70271.0,76.0,629.0,146.0,74.0,8.0,1.0,0.0,0.0,31.0,35.0,36.0,61547.0,75968.0,79.0,536.0,215.0,139.0,5.0,3.0,2.0,1.0,35.0,31.0,35.0,-5697.0,-3.0,-1490.0,-2.0,-1.0,-2.0
208,0.0,52949.0,58747.0,68.0,488.0,96.0,350.0,7.0,4.0,1.0,0.0,33.0,36.0,38.0,59264.0,67227.0,73.0,508.0,138.0,54.0,3.0,1.0,0.0,0.0,36.0,33.0,81.0,-8480.0,-5.0,-6315.0,3.0,0.0,1.0
209,0.0,64199.0,75378.0,79.0,548.0,123.0,91.0,4.0,2.0,1.0,0.0,44.0,43.0,62.0,66656.0,76340.0,80.0,605.0,164.0,67.0,4.0,2.0,1.0,1.0,43.0,44.0,60.0,-962.0,-1.0,-2457.0,0.0,-1.0,0.0
210,1.0,65713.0,77886.0,79.0,614.0,161.0,98.0,3.0,5.0,1.0,1.0,46.0,23.0,65.0,59366.0,67509.0,74.0,607.0,183.0,81.0,3.0,0.0,1.0,1.0,23.0,46.0,29.0,10377.0,5.0,6347.0,5.0,0.0,0.0
211,1.0,63106.0,78541.0,80.0,576.0,263.0,80.0,8.0,3.0,1.0,1.0,38.0,14.0,42.0,44871.0,59639.0,68.0,591.0,88.0,182.0,0.0,1.0,0.0,0.0,14.0,38.0,19.0,18902.0,12.0,18235.0,2.0,1.0,1.0
212,0.0,54187.0,64872.0,71.0,522.0,153.0,70.0,4.0,1.0,1.0,0.0,24.0,29.0,30.0,55845.0,69908.0,75.0,525.0,182.0,159.0,3.0,3.0,0.0,0.0,29.0,24.0,37.0,-5036.0,-4.0,-1658.0,-2.0,0.0,1.0
213,0.0,55192.0,70546.0,75.0,529.0,175.0,46.0,5.0,2.0,0.0,0.0,30.0,30.0,34.0,58073.0,68882.0,74.0,535.0,156.0,170.0,5.0,2.0,1.0,0.0,30.0,30.0,36.0,1664.0,1.0,-2881.0,0.0,0.0,-1.0
214,0.0,61655.0,74123.0,77.0,403.0,162.0,57.0,5.0,4.0,1.0,1.0,43.0,50.0,61.0,59583.0,66356.0,73.0,465.0,133.0,54.0,6.0,1.0,0.0,0.0,50.0,43.0,47.0,7767.0,4.0,2072.0,3.0,1.0,1.0
215,1.0,65854.0,84902.0,83.0,648.0,209.0,100.0,7.0,2.0,1.0,1.0,36.0,30.0,50.0,59026.0,75120.0,78.0,687.0,178.0,204.0,3.0,3.0,0.0,0.0,30.0,36.0,32.0,9782.0,5.0,6828.0,-1.0,1.0,1.0
216,0.0,59054.0,70880.0,76.0,617.0,115.0,372.0,6.0,3.0,1.0,0.0,37.0,35.0,35.0,66727.0,83812.0,83.0,691.0,185.0,57.0,6.0,1.0,0.0,1.0,35.0,37.0,34.0,-12932.0,-7.0,-7673.0,2.0,-1.0,1.0
217,0.0,55582.0,64824.0,71.0,552.0,132.0,112.0,9.0,2.0,1.0,0.0,28.0,30.0,30.0,56179.0,69482.0,74.0,466.0,131.0,469.0,3.0,2.0,0.0,1.0,30.0,28.0,36.0,-4658.0,-3.0,-597.0,0.0,-1.0,1.0
218,0.0,57862.0,67237.0,74.0,649.0,153.0,287.0,10.0,1.0,1.0,0.0,24.0,34.0,40.0,64661.0,72201.0,77.0,656.0,233.0,68.0,4.0,4.0,1.0,1.0,34.0,24.0,47.0,-4964.0,-3.0,-6799.0,-3.0,-1.0,0.0
219,1.0,66986.0,81873.0,83.0,626.0,205.0,123.0,6.0,3.0,1.0,0.0,47.0,39.0,54.0,63767.0,77733.0,79.0,627.0,137.0,65.0,2.0,1.0,1.0,0.0,39.0,47.0,34.0,4140.0,4.0,3219.0,2.0,0.0,0.0
220,0.0,61935.0,72855.0,77.0,568.0,179.0,52.0,5.0,1.0,1.0,0.0,43.0,43.0,34.0,61942.0,77125.0,80.0,571.0,188.0,46.0,5.0,3.0,0.0,0.0,43.0,43.0,32.0,-4270.0,-3.0,-7.0,-2.0,0.0,1.0
221,1.0,61650.0,72175.0,77.0,561.0,296.0,63.0,9.0,3.0,1.0,0.0,31.0,24.0,21.0,51370.0,60894.0,68.0,555.0,105.0,55.0,1.0,1.0,0.0,0.0,24.0,31.0,33.0,11281.0,9.0,10280.0,2.0,0.0,1.0
222,1.0,71175.0,85693.0,83.0,614.0,207.0,89.0,8.0,4.0,1.0,1.0,48.0,43.0,80.0,62292.0,76145.0,79.0,565.0,164.0,75.0,0.0,1.0,1.0,0.0,43.0,48.0,50.0,9548.0,4.0,8883.0,3.0,1.0,0.0
223,0.0,68705.0,75672.0,79.0,453.0,151.0,77.0,6.0,0.0,1.0,1.0,50.0,50.0,73.0,66128.0,74316.0,79.0,405.0,164.0,190.0,3.0,4.0,0.0,1.0,50.0,50.0,67.0,1356.0,0.0,2577.0,-4.0,0.0,1.0
224,1.0,71911.0,88137.0,84.0,655.0,290.0,170.0,8.0,5.0,2.0,1.0,46.0,28.0,35.0,55549.0,71660.0,76.0,597.0,34.0,73.0,2.0,0.0,0.0,0.0,28.0,46.0,45.0,16477.0,8.0,16362.0,5.0,1.0,2.0
225,1.0,66707.0,69603.0,76.0,481.0,186.0,65.0,7.0,2.0,1.0,0.0,52.0,53.0,67.0,68786.0,82189.0,83.0,464.0,135.0,79.0,3.0,3.0,0.0,1.0,53.0,52.0,82.0,-12586.0,-7.0,-2079.0,-1.0,-1.0,1.0
226,1.0,56095.0,75136.0,78.0,565.0,151.0,81.0,4.0,2.0,2.0,1.0,25.0,39.0,43.0,65834.0,77909.0,79.0,599.0,218.0,54.0,8.0,3.0,0.0,1.0,39.0,25.0,52.0,-2773.0,-1.0,-9739.0,-1.0,0.0,2.0
227,1.0,68552.0,79828.0,81.0,443.0,223.0,62.0,10.0,4.0,1.0,2.0,52.0,34.0,52.0,55605.0,68798.0,75.0,504.0,89.0,62.0,1.0,0.0,1.0,0.0,34.0,52.0,40.0,11030.0,6.0,12947.0,4.0,2.0,0.0
228,0.0,66427.0,77166.0,79.0,646.0,215.0,72.0,9.0,2.0,0.0,1.0,41.0,44.0,47.0,68700.0,74697.0,78.0,613.0,179.0,97.0,4.0,2.0,1.0,1.0,44.0,41.0,69.0,2469.0,1.0,-2273.0,0.0,0.0,-1.0
229,0.0,56925.0,68333.0,75.0,590.0,150.0,78.0,2.0,2.0,0.0,1.0,28.0,32.0,31.0,59614.0,67693.0,74.0,594.0,259.0,346.0,6.0,3.0,1.0,0.0,32.0,28.0,43.0,640.0,1.0,-2689.0,-1.0,1.0,-1.0
230,1.0,71485.0,89692.0,86.0,706.0,177.0,231.0,9.0,2.0,1.0,1.0,52.0,43.0,34.0,61354.0,77985.0,79.0,614.0,141.0,102.0,2.0,2.0,0.0,0.0,43.0,52.0,38.0,11707.0,7.0,10131.0,0.0,1.0,1.0
231,1.0,64539.0,74572.0,78.0,489.0,221.0,389.0,11.0,4.0,2.0,0.0,50.0,35.0,49.0,56175.0,69061.0,75.0,469.0,93.0,287.0,1.0,1.0,0.0,1.0,35.0,50.0,52.0,5511.0,3.0,8364.0,3.0,-1.0,2.0
232,0.0,60884.0,68050.0,73.0,558.0,156.0,268.0,7.0,1.0,2.0,0.0,27.0,50.0,38.0,66122.0,76939.0,80.0,624.0,162.0,71.0,3.0,4.0,0.0,1.0,50.0,27.0,53.0,-8889.0,-7.0,-5238.0,-3.0,-1.0,2.0
233,0.0,55308.0,67724.0,73.0,590.0,196.0,74.0,5.0,2.0,1.0,0.0,26.0,28.0,28.0,53549.0,64258.0,72.0,578.0,96.0,74.0,1.0,2.0,0.0,0.0,28.0,26.0,46.0,3466.0,1.0,1759.0,0.0,0.0,1.0
234,0.0,60796.0,72729.0,76.0,577.0,80.0,120.0,5.0,2.0,1.0,0.0,39.0,38.0,59.0,62417.0,70931.0,76.0,479.0,167.0,62.0,7.0,3.0,0.0,0.0,38.0,39.0,53.0,1798.0,0.0,-1621.0,-1.0,0.0,1.0
235,0.0,65744.0,76516.0,79.0,630.0,123.0,76.0,7.0,2.0,2.0,0.0,44.0,47.0,44.0,68031.0,80323.0,80.0,620.0,202.0,137.0,6.0,3.0,0.0,0.0,47.0,44.0,50.0,-3807.0,-1.0,-2287.0,-1.0,0.0,2.0
236,0.0,54742.0,70655.0,76.0,579.0,167.0,63.0,7.0,1.0,1.0,0.0,28.0,23.0,37.0,49513.0,66965.0,74.0,534.0,152.0,63.0,1.0,4.0,1.0,0.0,23.0,28.0,20.0,3690.0,2.0,5229.0,-3.0,0.0,0.0
237,1.0,68975.0,76569.0,79.0,538.0,174.0,49.0,9.0,2.0,0.0,1.0,46.0,30.0,73.0,57628.0,60288.0,69.0,509.0,145.0,85.0,3.0,3.0,2.0,0.0,30.0,46.0,40.0,16281.0,10.0,11347.0,-1.0,1.0,-2.0
238,1.0,67550.0,79179.0,80.0,714.0,228.0,42.0,11.0,2.0,2.0,1.0,34.0,28.0,33.0,62760.0,76707.0,79.0,655.0,208.0,63.0,5.0,3.0,0.0,1.0,28.0,34.0,46.0,2472.0,1.0,4790.0,-1.0,0.0,2.0
239,0.0,56411.0,67468.0,73.0,593.0,155.0,304.0,3.0,1.0,0.0,0.0,30.0,46.0,29.0,67383.0,80135.0,79.0,595.0,179.0,74.0,5.0,3.0,1.0,1.0,46.0,30.0,53.0,-12667.0,-6.0,-10972.0,-2.0,-1.0,-1.0
240,1.0,68348.0,78723.0,81.0,613.0,233.0,67.0,8.0,3.0,1.0,2.0,40.0,34.0,42.0,59396.0,75673.0,80.0,655.0,151.0,64.0,1.0,2.0,0.0,0.0,34.0,40.0,41.0,3050.0,1.0,8952.0,1.0,2.0,1.0
241,0.0,62119.0,67895.0,73.0,512.0,227.0,74.0,7.0,1.0,1.0,0.0,42.0,25.0,71.0,56463.0,72587.0,77.0,574.0,149.0,65.0,0.0,4.0,0.0,1.0,25.0,42.0,42.0,-4692.0,-4.0,5656.0,-3.0,-1.0,1.0
242,0.0,49330.0,59219.0,69.0,524.0,87.0,75.0,2.0,1.0,2.0,0.0,23.0,42.0,25.0,67169.0,77191.0,80.0,584.0,255.0,77.0,7.0,3.0,0.0,1.0,42.0,23.0,38.0,-17972.0,-11.0,-17839.0,-2.0,-1.0,2.0
243,1.0,61956.0,69154.0,75.0,440.0,177.0,85.0,7.0,4.0,2.0,0.0,41.0,48.0,31.0,60531.0,73359.0,76.0,415.0,156.0,46.0,1.0,1.0,0.0,0.0,48.0,41.0,59.0,-4205.0,-1.0,1425.0,3.0,0.0,2.0
244,0.0,64381.0,65798.0,73.0,487.0,174.0,123.0,10.0,2.0,2.0,0.0,46.0,39.0,63.0,64747.0,75668.0,78.0,556.0,195.0,136.0,1.0,3.0,0.0,1.0,39.0,46.0,61.0,-9870.0,-5.0,-366.0,-1.0,-1.0,2.0
245,0.0,63004.0,72181.0,77.0,605.0,152.0,93.0,3.0,1.0,0.0,0.0,32.0,44.0,45.0,71281.0,81721.0,81.0,594.0,205.0,68.0,5.0,4.0,2.0,2.0,44.0,32.0,51.0,-9540.0,-4.0,-8277.0,-3.0,-2.0,-2.0
246,1.0,67401.0,78342.0,80.0,511.0,191.0,132.0,6.0,3.0,1.0,0.0,57.0,35.0,61.0,59526.0,69647.0,75.0,550.0,144.0,152.0,3.0,2.0,1.0,0.0,35.0,57.0,41.0,8695.0,5.0,7875.0,1.0,0.0,0.0
247,0.0,58000.0,63503.0,70.0,512.0,168.0,164.0,5.0,3.0,1.0,0.0,35.0,46.0,49.0,65310.0,68559.0,75.0,546.0,165.0,82.0,6.0,2.0,0.0,0.0,46.0,35.0,61.0,-5056.0,-5.0,-7310.0,1.0,0.0,1.0
248,0.0,63436.0,80827.0,81.0,583.0,135.0,77.0,3.0,2.0,0.0,1.0,43.0,35.0,82.0,66804.0,75092.0,77.0,616.0,274.0,65.0,7.0,3.0,1.0,1.0,35.0,43.0,32.0,5735.0,4.0,-3368.0,-1.0,0.0,-1.0
249,0.0,54839.0,59522.0,69.0,435.0,106.0,75.0,4.0,2.0,2.0,0.0,28.0,47.0,49.0,61456.0,65756.0,73.0,417.0,147.0,52.0,4.0,2.0,0.0,1.0,47.0,28.0,80.0,-6234.0,-4.0,-6617.0,0.0,-1.0,2.0
250,1.0,61627.0,72329.0,77.0,573.0,212.0,133.0,5.0,2.0,1.0,0.0,39.0,32.0,41.0,59780.0,72316.0,76.0,591.0,121.0,174.0,5.0,2.0,0.0,0.0,32.0,39.0,36.0,13.0,1.0,1847.0,0.0,0.0,1.0
251,1.0,53627.0,66394.0,74.0,528.0,145.0,121.0,3.0,2.0,0.0,0.0,22.0,32.0,32.0,53891.0,60414.0,70.0,475.0,140.0,92.0,7.0,2.0,2.0,0.0,32.0,22.0,46.0,5980.0,4.0,-264.0,0.0,0.0,-2.0
252,1.0,61809.0,72339.0,76.0,530.0,187.0,68.0,7.0,4.0,2.0,0.0,43.0,36.0,44.0,58603.0,70457.0,74.0,512.0,110.0,44.0,4.0,1.0,0.0,0.0,36.0,43.0,35.0,1882.0,2.0,3206.0,3.0,0.0,2.0
253,0.0,56336.0,64039.0,71.0,493.0,108.0,131.0,2.0,1.0,1.0,0.0,35.0,55.0,43.0,67063.0,75440.0,79.0,504.0,187.0,49.0,6.0,3.0,0.0,0.0,55.0,35.0,66.0,-11401.0,-8.0,-10727.0,-2.0,0.0,1.0
254,1.0,62865.0,71898.0,77.0,533.0,184.0,52.0,10.0,4.0,0.0,0.0,40.0,28.0,62.0,53440.0,58908.0,69.0,489.0,111.0,43.0,1.0,1.0,1.0,0.0,28.0,40.0,31.0,12990.0,8.0,9425.0,3.0,0.0,-1.0
255,0.0,63688.0,75099.0,78.0,628.0,155.0,84.0,7.0,2.0,1.0,0.0,35.0,36.0,64.0,62950.0,75932.0,78.0,624.0,200.0,65.0,4.0,2.0,1.0,1.0,36.0,35.0,58.0,-833.0,0.0,738.0,0.0,-1.0,0.0
256,1.0,70664.0,80309.0,81.0,653.0,190.0,281.0,9.0,2.0,1.0,0.0,48.0,43.0,43.0,66278.0,80599.0,81.0,608.0,85.0,72.0,3.0,2.0,0.0,1.0,43.0,48.0,49.0,-290.0,0.0,4386.0,0.0,-1.0,1.0
257,0.0,58519.0,67590.0,74.0,407.0,78.0,119.0,5.0,2.0,1.0,0.0,42.0,48.0,53.0,58310.0,65340.0,73.0,441.0,162.0,120.0,3.0,2.0,0.0,0.0,48.0,42.0,35.0,2250.0,1.0,209.0,0.0,0.0,1.0
258,1.0,64563.0,72875.0,76.0,533.0,181.0,25.0,7.0,2.0,0.0,0.0,38.0,32.0,38.0,55986.0,61861.0,69.0,473.0,124.0,102.0,7.0,2.0,2.0,0.0,32.0,38.0,37.0,11014.0,7.0,8577.0,0.0,0.0,-2.0
259,1.0,66290.0,77565.0,80.0,597.0,214.0,68.0,8.0,2.0,1.0,1.0,36.0,42.0,41.0,60495.0,72435.0,76.0,603.0,166.0,73.0,0.0,3.0,1.0,0.0,42.0,36.0,46.0,5130.0,4.0,5795.0,-1.0,1.0,0.0
260,1.0,55492.0,67406.0,73.0,537.0,169.0,146.0,5.0,4.0,1.0,0.0,37.0,28.0,26.0,52331.0,67523.0,73.0,518.0,80.0,131.0,1.0,0.0,0.0,0.0,28.0,37.0,36.0,-117.0,0.0,3161.0,4.0,0.0,1.0
261,0.0,63357.0,74698.0,78.0,596.0,178.0,210.0,6.0,2.0,0.0,1.0,33.0,38.0,54.0,64626.0,79443.0,82.0,602.0,187.0,60.0,6.0,3.0,2.0,1.0,38.0,33.0,55.0,-4745.0,-4.0,-1269.0,-1.0,0.0,-2.0
262,1.0,61725.0,69854.0,75.0,467.0,141.0,56.0,7.0,2.0,0.0,1.0,45.0,41.0,58.0,63675.0,68932.0,76.0,522.0,189.0,48.0,6.0,2.0,2.0,0.0,41.0,45.0,47.0,922.0,-1.0,-1950.0,0.0,1.0,-2.0
263,1.0,62598.0,71882.0,77.0,668.0,209.0,464.0,10.0,1.0,1.0,0.0,29.0,25.0,39.0,57214.0,70910.0,77.0,664.0,134.0,71.0,4.0,3.0,0.0,0.0,25.0,29.0,47.0,972.0,0.0,5384.0,-2.0,0.0,1.0
264,0.0,56225.0,65995.0,73.0,456.0,177.0,64.0,7.0,2.0,0.0,0.0,34.0,21.0,49.0,54150.0,62814.0,72.0,574.0,113.0,75.0,2.0,2.0,2.0,1.0,21.0,34.0,24.0,3181.0,1.0,2075.0,0.0,-1.0,-2.0
265,0.0,66786.0,79694.0,81.0,619.0,198.0,80.0,7.0,2.0,1.0,1.0,43.0,42.0,56.0,66397.0,78831.0,82.0,653.0,163.0,71.0,4.0,3.0,0.0,1.0,42.0,43.0,67.0,863.0,-1.0,389.0,-1.0,0.0,1.0
266,1.0,63608.0,74863.0,78.0,525.0,230.0,58.0,10.0,1.0,2.0,1.0,38.0,23.0,45.0,53757.0,65934.0,72.0,575.0,137.0,64.0,1.0,3.0,0.0,0.0,23.0,38.0,36.0,8929.0,6.0,9851.0,-2.0,1.0,2.0
267,0.0,65792.0,71729.0,76.0,390.0,80.0,108.0,4.0,2.0,0.0,1.0,58.0,47.0,97.0,67439.0,72907.0,77.0,449.0,193.0,502.0,4.0,3.0,2.0,0.0,47.0,58.0,49.0,-1178.0,-1.0,-1647.0,-1.0,1.0,-2.0
268,1.0,66390.0,80245.0,80.0,640.0,220.0,52.0,6.0,2.0,1.0,1.0,40.0,34.0,40.0,57821.0,69434.0,76.0,560.0,171.0,62.0,3.0,3.0,0.0,0.0,34.0,40.0,44.0,10811.0,4.0,8569.0,-1.0,1.0,1.0
269,0.0,51342.0,56447.0,68.0,542.0,142.0,327.0,4.0,1.0,1.0,0.0,22.0,40.0,28.0,60828.0,71265.0,76.0,470.0,209.0,60.0,5.0,4.0,1.0,1.0,40.0,22.0,50.0,-14818.0,-8.0,-9486.0,-3.0,-1.0,0.0
270,1.0,70005.0,80852.0,82.0,587.0,191.0,150.0,10.0,4.0,2.0,1.0,44.0,37.0,85.0,64612.0,69089.0,74.0,653.0,169.0,77.0,6.0,1.0,0.0,0.0,37.0,44.0,35.0,11763.0,8.0,5393.0,3.0,1.0,2.0
271,0.0,64007.0,78350.0,78.0,800.0,240.0,57.0,6.0,1.0,0.0,0.0,23.0,26.0,31.0,63740.0,75430.0,78.0,764.0,212.0,785.0,7.0,3.0,2.0,1.0,26.0,23.0,33.0,2920.0,0.0,267.0,-2.0,-1.0,-2.0
272,1.0,56673.0,68625.0,76.0,462.0,148.0,55.0,7.0,3.0,2.0,0.0,39.0,27.0,40.0,57313.0,66311.0,73.0,558.0,148.0,45.0,3.0,0.0,0.0,0.0,27.0,39.0,37.0,2314.0,3.0,-640.0,3.0,0.0,2.0
273,0.0,67619.0,78491.0,80.0,661.0,151.0,190.0,9.0,2.0,0.0,0.0,49.0,42.0,53.0,63439.0,76687.0,80.0,527.0,135.0,65.0,3.0,3.0,2.0,1.0,42.0,49.0,51.0,1804.0,0.0,4180.0,-1.0,-1.0,-2.0
274,0.0,47325.0,59249.0,69.0,454.0,124.0,328.0,5.0,2.0,0.0,0.0,20.0,30.0,30.0,57227.0,68565.0,75.0,488.0,175.0,119.0,5.0,3.0,1.0,1.0,30.0,20.0,45.0,-9316.0,-6.0,-9902.0,-1.0,-1.0,-1.0
275,1.0,59781.0,69663.0,75.0,526.0,99.0,81.0,6.0,1.0,1.0,0.0,38.0,40.0,73.0,64010.0,71294.0,76.0,503.0,211.0,60.0,8.0,4.0,1.0,1.0,40.0,38.0,34.0,-1631.0,-1.0,-4229.0,-3.0,-1.0,0.0
276,0.0,54248.0,62825.0,70.0,559.0,138.0,190.0,5.0,3.0,1.0,0.0,26.0,36.0,43.0,64085.0,74119.0,77.0,620.0,221.0,48.0,4.0,2.0,1.0,0.0,36.0,26.0,34.0,-11294.0,-7.0,-9837.0,1.0,0.0,0.0
277,1.0,63198.0,75558.0,78.0,601.0,162.0,63.0,6.0,2.0,1.0,0.0,43.0,30.0,47.0,61672.0,76626.0,79.0,626.0,207.0,130.0,3.0,3.0,1.0,1.0,30.0,43.0,37.0,-1068.0,-1.0,1526.0,-1.0,-1.0,0.0
278,0.0,55146.0,65464.0,73.0,580.0,131.0,222.0,5.0,2.0,2.0,0.0,28.0,35.0,44.0,67035.0,72065.0,75.0,684.0,198.0,85.0,2.0,3.0,0.0,0.0,35.0,28.0,52.0,-6601.0,-2.0,-11889.0,-1.0,0.0,2.0
279,1.0,63059.0,72759.0,78.0,543.0,245.0,99.0,10.0,4.0,1.0,1.0,38.0,32.0,50.0,58132.0,70681.0,75.0,596.0,99.0,41.0,3.0,0.0,0.0,0.0,32.0,38.0,49.0,2078.0,3.0,4927.0,4.0,1.0,1.0
280,0.0,61307.0,70624.0,75.0,516.0,112.0,96.0,6.0,3.0,1.0,0.0,44.0,49.0,48.0,67200.0,79930.0,81.0,528.0,172.0,38.0,4.0,1.0,0.0,0.0,49.0,44.0,66.0,-9306.0,-6.0,-5893.0,2.0,0.0,1.0
281,0.0,51923.0,65136.0,73.0,604.0,141.0,148.0,6.0,3.0,1.0,0.0,19.0,25.0,24.0,63386.0,77773.0,79.0,733.0,195.0,73.0,5.0,2.0,1.0,1.0,25.0,19.0,21.0,-12637.0,-6.0,-11463.0,1.0,-1.0,0.0
282,1.0,65068.0,77724.0,80.0,555.0,223.0,54.0,6.0,2.0,2.0,1.0,31.0,33.0,36.0,55766.0,67019.0,73.0,558.0,131.0,178.0,2.0,2.0,0.0,0.0,33.0,31.0,37.0,10705.0,7.0,9302.0,0.0,1.0,2.0
283,1.0,67694.0,75101.0,78.0,510.0,225.0,73.0,8.0,3.0,2.0,0.0,47.0,46.0,57.0,67692.0,83119.0,82.0,553.0,179.0,68.0,2.0,2.0,0.0,2.0,46.0,47.0,45.0,-8018.0,-4.0,2.0,1.0,-2.0,2.0
284,1.0,60332.0,70133.0,75.0,533.0,192.0,363.0,7.0,3.0,1.0,0.0,43.0,22.0,51.0,51263.0,63914.0,72.0,499.0,148.0,67.0,1.0,1.0,1.0,0.0,22.0,43.0,24.0,6219.0,3.0,9069.0,2.0,0.0,0.0
285,0.0,52946.0,66918.0,73.0,549.0,153.0,215.0,2.0,1.0,0.0,0.0,23.0,38.0,37.0,60147.0,72262.0,77.0,496.0,218.0,191.0,9.0,4.0,2.0,0.0,38.0,23.0,56.0,-5344.0,-4.0,-7201.0,-3.0,0.0,-2.0
286,1.0,57483.0,68309.0,74.0,618.0,176.0,78.0,10.0,3.0,1.0,0.0,30.0,23.0,26.0,56749.0,72880.0,77.0,595.0,158.0,77.0,3.0,1.0,0.0,1.0,23.0,30.0,30.0,-4571.0,-3.0,734.0,2.0,-1.0,1.0
287,0.0,54511.0,72116.0,75.0,562.0,125.0,112.0,4.0,1.0,1.0,0.0,29.0,27.0,30.0,61226.0,75379.0,79.0,641.0,206.0,54.0,5.0,3.0,1.0,1.0,27.0,29.0,26.0,-3263.0,-4.0,-6715.0,-2.0,-1.0,0.0
288,0.0,62383.0,69034.0,74.0,539.0,152.0,115.0,10.0,2.0,1.0,0.0,35.0,41.0,47.0,65091.0,69383.0,75.0,552.0,195.0,313.0,5.0,2.0,1.0,1.0,41.0,35.0,40.0,-349.0,-1.0,-2708.0,0.0,-1.0,0.0
289,1.0,61851.0,75897.0,78.0,731.0,194.0,76.0,9.0,4.0,1.0,1.0,22.0,22.0,29.0,56303.0,67787.0,73.0,659.0,160.0,110.0,1.0,1.0,1.0,0.0,22.0,22.0,34.0,8110.0,5.0,5548.0,3.0,1.0,0.0
290,1.0,65305.0,79053.0,81.0,595.0,155.0,103.0,12.0,1.0,0.0,1.0,37.0,28.0,56.0,56654.0,66308.0,73.0,551.0,116.0,54.0,1.0,3.0,1.0,1.0,28.0,37.0,39.0,12745.0,8.0,8651.0,-2.0,0.0,-1.0
291,1.0,66013.0,75067.0,77.0,583.0,224.0,76.0,8.0,2.0,1.0,2.0,44.0,36.0,44.0,58472.0,76570.0,80.0,524.0,106.0,337.0,0.0,3.0,0.0,0.0,36.0,44.0,61.0,-1503.0,-3.0,7541.0,-1.0,2.0,1.0
292,0.0,55858.0,68126.0,73.0,588.0,182.0,61.0,7.0,3.0,2.0,0.0,23.0,23.0,21.0,56459.0,71439.0,76.0,604.0,192.0,55.0,3.0,2.0,0.0,0.0,23.0,23.0,32.0,-3313.0,-3.0,-601.0,1.0,0.0,2.0
293,0.0,63853.0,73927.0,79.0,609.0,171.0,63.0,5.0,3.0,0.0,0.0,41.0,40.0,45.0,65098.0,75692.0,79.0,552.0,182.0,92.0,6.0,2.0,2.0,1.0,40.0,41.0,48.0,-1765.0,0.0,-1245.0,1.0,-1.0,-2.0
294,0.0,59464.0,72533.0,77.0,554.0,152.0,58.0,6.0,3.0,1.0,0.0,44.0,36.0,31.0,62451.0,76541.0,79.0,539.0,141.0,250.0,1.0,1.0,0.0,0.0,36.0,44.0,48.0,-4008.0,-2.0,-2987.0,2.0,0.0,1.0
295,0.0,63931.0,77353.0,79.0,630.0,191.0,68.0,7.0,0.0,1.0,1.0,33.0,41.0,46.0,65497.0,75400.0,78.0,695.0,201.0,351.0,4.0,5.0,1.0,0.0,41.0,33.0,25.0,1953.0,1.0,-1566.0,-5.0,1.0,0.0
296,0.0,59689.0,72204.0,76.0,585.0,142.0,84.0,4.0,1.0,2.0,0.0,38.0,41.0,62.0,66856.0,77494.0,79.0,658.0,199.0,79.0,6.0,4.0,0.0,1.0,41.0,38.0,40.0,-5290.0,-3.0,-7167.0,-3.0,-1.0,2.0
297,1.0,69096.0,83927.0,83.0,624.0,183.0,75.0,9.0,5.0,1.0,1.0,47.0,39.0,50.0,60387.0,71214.0,77.0,620.0,125.0,77.0,3.0,0.0,1.0,0.0,39.0,47.0,51.0,12713.0,6.0,8709.0,5.0,1.0,0.0
298,0.0,60916.0,70374.0,76.0,584.0,159.0,64.0,6.0,3.0,0.0,0.0,37.0,46.0,31.0,65082.0,78863.0,81.0,499.0,137.0,50.0,7.0,2.0,1.0,1.0,46.0,37.0,63.0,-8489.0,-5.0,-4166.0,1.0,-1.0,-1.0
299,0.0,55901.0,63574.0,71.0,494.0,126.0,66.0,9.0,1.0,1.0,0.0,30.0,57.0,29.0,68911.0,80141.0,82.0,545.0,167.0,108.0,2.0,3.0,0.0,1.0,57.0,30.0,69.0,-16567.0,-11.0,-13010.0,-2.0,-1.0,1.0
300,1.0,58661.0,67928.0,73.0,528.0,133.0,58.0,9.0,4.0,1.0,0.0,40.0,31.0,49.0,55534.0,65965.0,73.0,499.0,107.0,73.0,1.0,0.0,0.0,0.0,31.0,40.0,47.0,1963.0,0.0,3127.0,4.0,0.0,1.0
301,1.0,61288.0,67345.0,73.0,457.0,144.0,450.0,8.0,2.0,1.0,0.0,41.0,34.0,54.0,59172.0,73445.0,77.0,506.0,154.0,49.0,3.0,3.0,1.0,1.0,34.0,41.0,50.0,-6100.0,-4.0,2116.0,-1.0,-1.0,0.0
302,0.0,55840.0,62761.0,72.0,542.0,115.0,126.0,5.0,1.0,1.0,0.0,32.0,49.0,44.0,67185.0,75584.0,78.0,545.0,151.0,377.0,4.0,4.0,1.0,0.0,49.0,32.0,65.0,-12823.0,-6.0,-11345.0,-3.0,0.0,0.0
303,1.0,65462.0,73281.0,77.0,593.0,233.0,156.0,8.0,3.0,1.0,0.0,41.0,27.0,37.0,55105.0,69171.0,74.0,559.0,120.0,50.0,1.0,1.0,1.0,0.0,27.0,41.0,27.0,4110.0,3.0,10357.0,2.0,0.0,0.0
304,1.0,63326.0,74472.0,77.0,531.0,168.0,59.0,11.0,2.0,0.0,1.0,39.0,20.0,57.0,54425.0,63515.0,71.0,637.0,160.0,83.0,2.0,2.0,1.0,0.0,20.0,39.0,25.0,10957.0,6.0,8901.0,0.0,1.0,-1.0
305,1.0,65384.0,84361.0,83.0,662.0,169.0,99.0,5.0,3.0,0.0,1.0,40.0,31.0,53.0,62295.0,73651.0,78.0,616.0,245.0,86.0,4.0,2.0,2.0,0.0,31.0,40.0,33.0,10710.0,5.0,3089.0,1.0,1.0,-2.0
306,1.0,68779.0,82982.0,82.0,546.0,255.0,55.0,10.0,4.0,2.0,2.0,44.0,25.0,51.0,56342.0,71171.0,76.0,626.0,115.0,48.0,0.0,1.0,0.0,0.0,25.0,44.0,35.0,11811.0,6.0,12437.0,3.0,2.0,2.0
307,1.0,61293.0,73353.0,76.0,730.0,175.0,82.0,7.0,3.0,1.0,0.0,28.0,34.0,30.0,65952.0,81728.0,83.0,704.0,270.0,94.0,4.0,2.0,1.0,1.0,34.0,28.0,22.0,-8375.0,-7.0,-4659.0,1.0,-1.0,0.0
308,1.0,61146.0,79064.0,81.0,666.0,199.0,68.0,4.0,2.0,1.0,1.0,29.0,34.0,23.0,62719.0,80252.0,80.0,627.0,194.0,75.0,6.0,3.0,0.0,0.0,34.0,29.0,41.0,-1188.0,1.0,-1573.0,-1.0,1.0,1.0
309,1.0,57944.0,66018.0,73.0,398.0,144.0,56.0,4.0,2.0,1.0,0.0,42.0,47.0,48.0,58479.0,65729.0,72.0,423.0,94.0,55.0,2.0,2.0,1.0,0.0,47.0,42.0,55.0,289.0,1.0,-535.0,0.0,0.0,0.0
310,1.0,63887.0,76070.0,79.0,512.0,226.0,70.0,8.0,3.0,0.0,1.0,40.0,35.0,52.0,59256.0,66046.0,73.0,506.0,126.0,70.0,4.0,2.0,1.0,0.0,35.0,40.0,45.0,10024.0,6.0,4631.0,1.0,1.0,-1.0
311,0.0,58408.0,71903.0,76.0,580.0,124.0,65.0,3.0,2.0,0.0,0.0,32.0,52.0,50.0,63411.0,73549.0,77.0,495.0,199.0,73.0,6.0,3.0,1.0,0.0,52.0,32.0,34.0,-1646.0,-1.0,-5003.0,-1.0,0.0,-1.0
312,0.0,60592.0,72924.0,77.0,656.0,139.0,79.0,4.0,1.0,0.0,0.0,31.0,41.0,40.0,68421.0,84032.0,83.0,659.0,204.0,53.0,6.0,4.0,2.0,1.0,41.0,31.0,63.0,-11108.0,-6.0,-7829.0,-3.0,-1.0,-2.0
313,0.0,50412.0,63399.0,71.0,506.0,146.0,52.0,6.0,1.0,1.0,0.0,21.0,34.0,14.0,59279.0,71131.0,75.0,539.0,188.0,66.0,5.0,3.0,1.0,0.0,34.0,21.0,43.0,-7732.0,-4.0,-8867.0,-2.0,0.0,0.0
314,0.0,56740.0,67429.0,74.0,481.0,184.0,117.0,5.0,2.0,2.0,0.0,32.0,35.0,49.0,56015.0,64683.0,72.0,532.0,139.0,73.0,1.0,3.0,0.0,0.0,35.0,32.0,51.0,2746.0,2.0,725.0,-1.0,0.0,2.0
315,0.0,52889.0,61185.0,70.0,640.0,127.0,63.0,6.0,1.0,0.0,0.0,20.0,36.0,25.0,62588.0,73904.0,77.0,628.0,182.0,78.0,5.0,4.0,2.0,1.0,36.0,20.0,40.0,-12719.0,-7.0,-9699.0,-3.0,-1.0,-2.0
316,0.0,62658.0,70403.0,75.0,451.0,220.0,89.0,6.0,2.0,2.0,0.0,41.0,45.0,59.0,65185.0,75772.0,79.0,523.0,165.0,82.0,3.0,3.0,0.0,1.0,45.0,41.0,66.0,-5369.0,-4.0,-2527.0,-1.0,-1.0,2.0
317,1.0,56009.0,65727.0,73.0,599.0,138.0,61.0,9.0,2.0,0.0,1.0,24.0,27.0,44.0,54803.0,66958.0,74.0,552.0,171.0,126.0,3.0,3.0,1.0,0.0,27.0,24.0,32.0,-1231.0,-1.0,1206.0,-1.0,1.0,-1.0
318,1.0,68507.0,77183.0,80.0,585.0,237.0,275.0,8.0,3.0,1.0,0.0,49.0,40.0,61.0,64804.0,77715.0,79.0,600.0,145.0,65.0,2.0,2.0,1.0,0.0,40.0,49.0,57.0,-532.0,1.0,3703.0,1.0,0.0,0.0
319,1.0,63727.0,78620.0,80.0,657.0,224.0,477.0,6.0,4.0,1.0,1.0,37.0,35.0,29.0,59676.0,71961.0,76.0,583.0,164.0,70.0,1.0,1.0,1.0,0.0,35.0,37.0,46.0,6659.0,4.0,4051.0,3.0,1.0,0.0
320,0.0,60639.0,73694.0,78.0,546.0,153.0,115.0,4.0,3.0,1.0,0.0,45.0,52.0,40.0,72577.0,82817.0,83.0,560.0,188.0,66.0,7.0,2.0,0.0,1.0,52.0,45.0,60.0,-9123.0,-5.0,-11938.0,1.0,-1.0,1.0
321,0.0,61801.0,75808.0,79.0,571.0,132.0,90.0,8.0,1.0,1.0,0.0,40.0,43.0,44.0,67513.0,83084.0,83.0,600.0,197.0,297.0,6.0,4.0,1.0,1.0,43.0,40.0,39.0,-7276.0,-4.0,-5712.0,-3.0,-1.0,0.0
322,0.0,46965.0,56717.0,67.0,537.0,106.0,130.0,0.0,2.0,1.0,0.0,22.0,27.0,32.0,62262.0,74282.0,77.0,585.0,264.0,69.0,7.0,2.0,1.0,0.0,27.0,22.0,31.0,-17565.0,-10.0,-15297.0,0.0,0.0,0.0
323,1.0,68488.0,82560.0,81.0,678.0,236.0,87.0,8.0,2.0,2.0,2.0,38.0,35.0,33.0,61280.0,76423.0,79.0,706.0,139.0,78.0,1.0,1.0,0.0,0.0,35.0,38.0,57.0,6137.0,2.0,7208.0,1.0,2.0,2.0
324,1.0,70029.0,77426.0,79.0,488.0,160.0,34.0,11.0,4.0,2.0,0.0,53.0,40.0,48.0,60873.0,71006.0,77.0,521.0,83.0,360.0,0.0,1.0,0.0,0.0,40.0,53.0,50.0,6420.0,2.0,9156.0,3.0,0.0,2.0
325,1.0,58545.0,66945.0,73.0,578.0,207.0,80.0,9.0,4.0,1.0,0.0,34.0,24.0,36.0,54076.0,63098.0,72.0,591.0,120.0,70.0,2.0,1.0,1.0,0.0,24.0,34.0,38.0,3847.0,1.0,4469.0,3.0,0.0,0.0
326,1.0,64643.0,73475.0,77.0,461.0,116.0,62.0,6.0,3.0,0.0,1.0,51.0,32.0,55.0,55011.0,60335.0,69.0,415.0,111.0,54.0,4.0,1.0,2.0,0.0,32.0,51.0,36.0,13140.0,8.0,9632.0,2.0,1.0,-2.0
327,0.0,59780.0,72493.0,76.0,618.0,184.0,71.0,5.0,3.0,1.0,1.0,32.0,16.0,44.0,53990.0,64943.0,72.0,653.0,194.0,74.0,3.0,1.0,0.0,0.0,16.0,32.0,15.0,7550.0,4.0,5790.0,2.0,1.0,1.0
328,1.0,63627.0,72422.0,76.0,559.0,187.0,60.0,9.0,2.0,0.0,1.0,44.0,29.0,67.0,56442.0,66773.0,73.0,514.0,139.0,35.0,3.0,2.0,1.0,0.0,29.0,44.0,38.0,5649.0,3.0,7185.0,0.0,1.0,-1.0
329,1.0,61775.0,74735.0,78.0,594.0,176.0,81.0,6.0,4.0,0.0,1.0,33.0,35.0,40.0,60663.0,68027.0,74.0,569.0,170.0,129.0,4.0,1.0,2.0,0.0,35.0,33.0,50.0,6708.0,4.0,1112.0,3.0,1.0,-2.0
330,0.0,60921.0,67349.0,74.0,524.0,136.0,77.0,8.0,3.0,2.0,0.0,40.0,38.0,66.0,70050.0,81945.0,81.0,665.0,248.0,72.0,4.0,2.0,0.0,1.0,38.0,40.0,67.0,-14596.0,-7.0,-9129.0,1.0,-1.0,2.0
331,1.0,58216.0,67835.0,74.0,574.0,204.0,60.0,8.0,3.0,1.0,0.0,26.0,37.0,26.0,62867.0,80013.0,81.0,651.0,197.0,99.0,3.0,1.0,0.0,1.0,37.0,26.0,50.0,-12178.0,-7.0,-4651.0,2.0,-1.0,1.0
332,0.0,54366.0,61338.0,70.0,386.0,110.0,91.0,2.0,0.0,1.0,0.0,37.0,37.0,63.0,57156.0,64382.0,71.0,450.0,193.0,44.0,6.0,4.0,1.0,0.0,37.0,37.0,39.0,-3044.0,-1.0,-2790.0,-4.0,0.0,0.0
333,1.0,64567.0,76230.0,79.0,638.0,177.0,83.0,9.0,3.0,1.0,0.0,42.0,33.0,47.0,60116.0,68214.0,74.0,595.0,138.0,106.0,3.0,1.0,0.0,0.0,33.0,42.0,37.0,8016.0,5.0,4451.0,2.0,0.0,1.0
334,1.0,62848.0,75059.0,79.0,448.0,207.0,60.0,12.0,2.0,2.0,1.0,38.0,39.0,56.0,56889.0,74006.0,78.0,565.0,155.0,62.0,1.0,3.0,0.0,0.0,39.0,38.0,31.0,1053.0,1.0,5959.0,-1.0,1.0,2.0
335,1.0,58120.0,68723.0,74.0,659.0,173.0,193.0,3.0,3.0,0.0,0.0,27.0,30.0,38.0,63524.0,72380.0,77.0,648.0,212.0,94.0,6.0,2.0,2.0,1.0,30.0,27.0,63.0,-3657.0,-3.0,-5404.0,1.0,-1.0,-2.0
336,0.0,62211.0,71849.0,77.0,490.0,177.0,77.0,6.0,2.0,1.0,0.0,43.0,45.0,53.0,66895.0,81465.0,82.0,584.0,152.0,82.0,5.0,2.0,0.0,1.0,45.0,43.0,51.0,-9616.0,-5.0,-4684.0,0.0,-1.0,1.0
337,1.0,56318.0,67904.0,73.0,551.0,137.0,77.0,4.0,3.0,1.0,0.0,32.0,40.0,33.0,62100.0,73949.0,76.0,505.0,227.0,138.0,6.0,1.0,0.0,1.0,40.0,32.0,52.0,-6045.0,-3.0,-5782.0,2.0,-1.0,1.0
338,0.0,62406.0,65147.0,73.0,464.0,121.0,50.0,9.0,2.0,1.0,0.0,47.0,48.0,30.0,71603.0,80989.0,82.0,568.0,219.0,100.0,3.0,3.0,0.0,1.0,48.0,47.0,49.0,-15842.0,-9.0,-9197.0,-1.0,-1.0,1.0
339,0.0,60954.0,71337.0,76.0,617.0,137.0,120.0,7.0,2.0,0.0,0.0,34.0,44.0,40.0,67824.0,80225.0,80.0,627.0,218.0,40.0,5.0,3.0,1.0,1.0,44.0,34.0,35.0,-8888.0,-4.0,-6870.0,-1.0,-1.0,-1.0
340,0.0,62692.0,66267.0,74.0,598.0,200.0,703.0,10.0,1.0,0.0,0.0,33.0,44.0,37.0,65038.0,80073.0,81.0,535.0,174.0,194.0,4.0,4.0,1.0,1.0,44.0,33.0,65.0,-13806.0,-7.0,-2346.0,-3.0,-1.0,-1.0
341,0.0,57565.0,64915.0,72.0,474.0,142.0,58.0,6.0,1.0,1.0,1.0,35.0,35.0,49.0,58242.0,66870.0,73.0,553.0,128.0,54.0,6.0,3.0,0.0,0.0,35.0,35.0,53.0,-1955.0,-1.0,-677.0,-2.0,1.0,1.0
342,1.0,67746.0,72880.0,78.0,481.0,107.0,440.0,6.0,3.0,2.0,1.0,48.0,52.0,66.0,69085.0,70656.0,77.0,568.0,167.0,145.0,5.0,2.0,0.0,0.0,52.0,48.0,55.0,2224.0,1.0,-1339.0,1.0,1.0,2.0
343,1.0,58188.0,62531.0,71.0,473.0,158.0,385.0,10.0,4.0,1.0,0.0,34.0,34.0,45.0,55798.0,66966.0,74.0,492.0,135.0,181.0,3.0,0.0,0.0,0.0,34.0,34.0,47.0,-4435.0,-3.0,2390.0,4.0,0.0,1.0
344,1.0,63401.0,74589.0,78.0,562.0,220.0,74.0,7.0,3.0,2.0,0.0,40.0,33.0,42.0,55789.0,69969.0,75.0,583.0,112.0,507.0,1.0,2.0,0.0,0.0,33.0,40.0,45.0,4620.0,3.0,7612.0,1.0,0.0,2.0
345,1.0,61080.0,76905.0,80.0,674.0,213.0,69.0,9.0,3.0,1.0,1.0,22.0,23.0,43.0,53787.0,63923.0,73.0,647.0,169.0,219.0,2.0,2.0,1.0,0.0,23.0,22.0,39.0,12982.0,7.0,7293.0,1.0,1.0,0.0
346,0.0,61290.0,77025.0,78.0,585.0,140.0,51.0,5.0,1.0,0.0,0.0,35.0,34.0,49.0,61898.0,73306.0,78.0,634.0,209.0,69.0,6.0,4.0,1.0,0.0,34.0,35.0,32.0,3719.0,0.0,-608.0,-3.0,0.0,-1.0
347,1.0,60997.0,76373.0,80.0,591.0,171.0,50.0,10.0,1.0,0.0,1.0,37.0,45.0,32.0,65189.0,73408.0,76.0,546.0,193.0,64.0,3.0,3.0,1.0,0.0,45.0,37.0,54.0,2965.0,4.0,-4192.0,-2.0,1.0,-1.0
348,1.0,62679.0,77814.0,80.0,603.0,219.0,209.0,6.0,2.0,0.0,1.0,36.0,28.0,50.0,58082.0,75780.0,78.0,612.0,171.0,87.0,1.0,3.0,1.0,0.0,28.0,36.0,40.0,2034.0,2.0,4597.0,-1.0,1.0,-1.0
349,0.0,58999.0,69531.0,76.0,423.0,112.0,98.0,4.0,0.0,2.0,0.0,46.0,60.0,69.0,67673.0,71906.0,76.0,418.0,164.0,138.0,6.0,4.0,0.0,0.0,60.0,46.0,91.0,-2375.0,0.0,-8674.0,-4.0,0.0,2.0
350,1.0,58501.0,66495.0,73.0,691.0,177.0,85.0,6.0,2.0,1.0,0.0,23.0,30.0,26.0,61877.0,76507.0,79.0,678.0,229.0,79.0,1.0,3.0,0.0,1.0,30.0,23.0,35.0,-10012.0,-6.0,-3376.0,-1.0,-1.0,1.0
351,0.0,63806.0,78340.0,80.0,563.0,223.0,147.0,9.0,1.0,1.0,0.0,37.0,36.0,51.0,59748.0,73984.0,78.0,529.0,137.0,45.0,5.0,3.0,1.0,1.0,36.0,37.0,43.0,4356.0,2.0,4058.0,-2.0,-1.0,0.0
352,0.0,59986.0,71980.0,76.0,555.0,118.0,135.0,3.0,2.0,0.0,0.0,43.0,40.0,81.0,65690.0,73177.0,76.0,559.0,196.0,59.0,8.0,2.0,1.0,1.0,40.0,43.0,53.0,-1197.0,0.0,-5704.0,0.0,-1.0,-1.0
353,0.0,58528.0,73683.0,79.0,712.0,176.0,193.0,7.0,2.0,0.0,1.0,28.0,19.0,45.0,57896.0,69137.0,75.0,698.0,215.0,67.0,2.0,3.0,1.0,0.0,19.0,28.0,28.0,4546.0,4.0,632.0,-1.0,1.0,-1.0
354,0.0,63469.0,66745.0,73.0,532.0,125.0,43.0,7.0,1.0,2.0,0.0,41.0,45.0,61.0,69815.0,79680.0,81.0,572.0,205.0,66.0,4.0,3.0,0.0,0.0,45.0,41.0,60.0,-12935.0,-8.0,-6346.0,-2.0,0.0,2.0
355,0.0,56480.0,63189.0,71.0,470.0,117.0,48.0,3.0,1.0,0.0,0.0,35.0,46.0,57.0,64065.0,69213.0,74.0,532.0,127.0,53.0,5.0,3.0,1.0,0.0,46.0,35.0,62.0,-6024.0,-3.0,-7585.0,-2.0,0.0,-1.0
356,0.0,53939.0,63464.0,71.0,640.0,144.0,95.0,4.0,2.0,1.0,0.0,25.0,33.0,38.0,63797.0,75164.0,79.0,621.0,205.0,95.0,7.0,3.0,1.0,1.0,33.0,25.0,63.0,-11700.0,-8.0,-9858.0,-1.0,-1.0,0.0
